,pathid,spanid,span_start,span_end,indices,score,len,i,dbfile,y1,x1
4,134,0,68,101,"[[ 60 207]
 [ 60 208]
 [ 60 209]
 [ 61 210]
 [ 62 211]
 [ 63 212]
 [ 64 213]
 [ 65 214]
 [ 66 215]
 [ 67 216]
 [ 68 217]
 [ 69 218]
 [ 70 219]
 [ 71 220]
 [ 72 221]
 [ 73 222]
 [ 74 223]
 [ 75 224]
 [ 76 225]
 [ 77 226]
 [ 78 227]
 [ 79 228]
 [ 80 229]
 [ 81 230]
 [ 82 231]
 [ 83 232]
 [ 84 233]
 [ 85 234]
 [ 86 235]
 [ 87 236]
 [ 88 237]
 [ 89 238]
 [ 90 239]]",0.43,33,11177,/home/nfs/kkaminski/PLMBLST/ecod70db_20220902/11177.emb,60,207
27,207,0,74,98,"[[ 67 101]
 [ 67 102]
 [ 67 103]
 [ 68 104]
 [ 69 105]
 [ 70 106]
 [ 71 107]
 [ 72 108]
 [ 73 109]
 [ 74 110]
 [ 75 111]
 [ 76 112]
 [ 77 113]
 [ 78 114]
 [ 79 115]
 [ 80 116]
 [ 81 117]
 [ 82 118]
 [ 83 119]
 [ 84 120]
 [ 85 121]
 [ 86 122]
 [ 87 122]
 [ 88 122]]",0.28,24,11177,/home/nfs/kkaminski/PLMBLST/ecod70db_20220902/11177.emb,67,101
33,220,0,9,55,"[[ 9 24]
 [10 25]
 [11 26]
 [11 27]
 [11 28]
 [12 29]
 [13 30]
 [14 31]
 [15 32]
 [16 33]
 [17 34]
 [18 35]
 [19 36]
 [20 37]
 [21 38]
 [22 39]
 [23 40]
 [24 41]
 [25 42]
 [26 43]
 [27 44]
 [28 45]
 [29 46]
 [30 47]
 [31 48]
 [32 49]
 [33 50]
 [34 51]
 [35 52]
 [36 53]
 [37 54]
 [38 55]
 [39 56]
 [40 57]
 [41 58]
 [42 59]
 [43 60]
 [44 61]
 [45 62]
 [46 63]
 [47 64]
 [48 65]
 [49 66]
 [50 67]
 [51 68]
 [52 69]]",0.26,46,11177,/home/nfs/kkaminski/PLMBLST/ecod70db_20220902/11177.emb,9,24
10,151,0,5,44,"[[  3 127]
 [  4 128]
 [  5 129]
 [  6 130]
 [  7 131]
 [  8 132]
 [  9 133]
 [ 10 134]
 [ 11 135]
 [ 12 135]
 [ 12 136]
 [ 13 136]
 [ 14 137]
 [ 15 138]
 [ 16 139]
 [ 17 140]
 [ 18 141]
 [ 19 142]
 [ 20 143]
 [ 21 144]
 [ 22 145]
 [ 23 146]
 [ 24 147]
 [ 25 148]
 [ 26 149]
 [ 26 150]
 [ 27 151]
 [ 28 152]
 [ 29 153]
 [ 30 154]
 [ 31 155]
 [ 32 156]
 [ 33 157]
 [ 34 158]
 [ 35 159]
 [ 36 160]
 [ 37 161]
 [ 38 162]
 [ 39 163]]",0.24,39,11177,/home/nfs/kkaminski/PLMBLST/ecod70db_20220902/11177.emb,3,127
0,130,0,81,104,"[[ 69 220]
 [ 70 221]
 [ 71 222]
 [ 72 223]
 [ 73 224]
 [ 74 225]
 [ 75 226]
 [ 76 227]
 [ 77 228]
 [ 78 229]
 [ 79 230]
 [ 80 231]
 [ 81 232]
 [ 82 233]
 [ 83 234]
 [ 84 235]
 [ 85 236]
 [ 86 237]
 [ 87 238]
 [ 88 239]
 [ 89 240]
 [ 90 241]
 [ 91 242]]",0.24,23,11177,/home/nfs/kkaminski/PLMBLST/ecod70db_20220902/11177.emb,69,220
30,217,1,27,59,"[[25 44]
 [26 45]
 [27 46]
 [28 47]
 [29 48]
 [30 49]
 [31 50]
 [32 51]
 [33 52]
 [34 53]
 [35 54]
 [36 55]
 [37 56]
 [38 57]
 [39 58]
 [40 59]
 [41 60]
 [42 61]
 [43 62]
 [44 63]
 [45 64]
 [46 65]
 [47 66]
 [48 67]
 [49 68]
 [50 69]
 [51 70]
 [52 71]
 [53 72]
 [54 73]
 [55 74]
 [56 75]]",0.16,32,11177,/home/nfs/kkaminski/PLMBLST/ecod70db_20220902/11177.emb,25,44
2,117,0,48,86,"[[ 48 208]
 [ 49 208]
 [ 49 209]
 [ 50 209]
 [ 51 210]
 [ 52 211]
 [ 53 212]
 [ 54 213]
 [ 55 214]
 [ 56 215]
 [ 57 216]
 [ 58 217]
 [ 59 218]
 [ 60 219]
 [ 61 220]
 [ 62 221]
 [ 63 222]
 [ 64 223]
 [ 65 224]
 [ 66 225]
 [ 67 226]
 [ 68 227]
 [ 69 228]
 [ 70 229]
 [ 71 230]
 [ 72 231]
 [ 73 232]
 [ 74 233]
 [ 75 234]
 [ 76 235]
 [ 77 236]
 [ 78 237]
 [ 79 238]
 [ 80 239]
 [ 81 240]
 [ 82 241]
 [ 83 242]
 [ 84 243]]",0.4,38,10313,/home/nfs/kkaminski/PLMBLST/ecod70db_20220902/10313.emb,48,208
14,192,0,51,85,"[[ 50  96]
 [ 51  97]
 [ 52  98]
 [ 53  99]
 [ 54 100]
 [ 55 101]
 [ 56 102]
 [ 57 103]
 [ 58 104]
 [ 59 105]
 [ 60 106]
 [ 61 107]
 [ 62 108]
 [ 63 109]
 [ 64 110]
 [ 65 111]
 [ 66 112]
 [ 67 113]
 [ 68 114]
 [ 69 115]
 [ 70 116]
 [ 71 117]
 [ 72 118]
 [ 73 119]
 [ 74 120]
 [ 75 121]
 [ 76 122]
 [ 77 123]
 [ 78 124]
 [ 79 125]
 [ 80 126]
 [ 81 127]
 [ 82 128]
 [ 83 129]]",0.28,34,10313,/home/nfs/kkaminski/PLMBLST/ecod70db_20220902/10313.emb,50,96
31,214,0,10,34,"[[ 3 30]
 [ 4 31]
 [ 5 32]
 [ 6 33]
 [ 7 34]
 [ 8 35]
 [ 9 36]
 [10 37]
 [11 38]
 [12 39]
 [13 40]
 [14 41]
 [15 42]
 [16 43]
 [17 44]
 [18 45]
 [19 46]
 [20 47]
 [21 48]
 [22 49]
 [23 50]
 [24 51]
 [25 52]
 [26 53]]",0.27,24,10313,/home/nfs/kkaminski/PLMBLST/ecod70db_20220902/10313.emb,3,30
12,144,0,0,30,"[[  0 135]
 [  1 136]
 [  2 137]
 [  3 138]
 [  4 139]
 [  5 140]
 [  6 141]
 [  7 142]
 [  8 143]
 [  9 144]
 [ 10 145]
 [ 11 146]
 [ 12 147]
 [ 13 148]
 [ 14 149]
 [ 15 150]
 [ 16 151]
 [ 17 152]
 [ 18 153]
 [ 19 153]
 [ 20 154]
 [ 21 155]
 [ 22 156]
 [ 23 157]
 [ 24 158]
 [ 25 159]
 [ 26 160]
 [ 27 161]
 [ 28 162]
 [ 29 163]]",0.24,30,10313,/home/nfs/kkaminski/PLMBLST/ecod70db_20220902/10313.emb,0,135
0,115,0,64,88,"[[ 61 222]
 [ 62 223]
 [ 63 224]
 [ 64 225]
 [ 65 226]
 [ 66 227]
 [ 67 228]
 [ 68 229]
 [ 69 230]
 [ 70 231]
 [ 71 232]
 [ 72 233]
 [ 73 234]
 [ 74 235]
 [ 75 236]
 [ 76 237]
 [ 77 238]
 [ 78 239]
 [ 79 240]
 [ 80 241]
 [ 81 242]
 [ 82 243]
 [ 83 244]
 [ 84 245]]",0.24,24,10313,/home/nfs/kkaminski/PLMBLST/ecod70db_20220902/10313.emb,61,222
23,206,0,0,31,"[[ 0 22]
 [ 1 22]
 [ 1 23]
 [ 1 24]
 [ 1 25]
 [ 1 26]
 [ 1 27]
 [ 1 28]
 [ 1 29]
 [ 1 30]
 [ 2 31]
 [ 3 32]
 [ 4 33]
 [ 5 34]
 [ 6 35]
 [ 7 36]
 [ 8 37]
 [ 9 38]
 [10 39]
 [11 40]
 [12 41]
 [13 42]
 [14 43]
 [15 44]
 [16 45]
 [17 46]
 [18 47]
 [19 48]
 [20 49]
 [21 50]
 [22 51]]",0.2,31,10313,/home/nfs/kkaminski/PLMBLST/ecod70db_20220902/10313.emb,0,22
32,229,0,58,82,"[[56 56]
 [57 57]
 [58 58]
 [59 59]
 [60 60]
 [61 61]
 [62 62]
 [63 63]
 [64 64]
 [65 65]
 [66 66]
 [67 67]
 [68 68]
 [69 69]
 [70 70]
 [71 71]
 [72 72]
 [73 73]
 [74 74]
 [75 75]
 [76 76]
 [77 77]
 [78 78]
 [79 79]]",0.19,24,10313,/home/nfs/kkaminski/PLMBLST/ecod70db_20220902/10313.emb,56,56
28,116,0,0,40,"[[  0 143]
 [  1 144]
 [  2 145]
 [  3 146]
 [  4 147]
 [  5 148]
 [  6 149]
 [  7 150]
 [  8 151]
 [  9 152]
 [ 10 153]
 [ 11 154]
 [ 12 155]
 [ 13 156]
 [ 14 157]
 [ 15 158]
 [ 16 159]
 [ 17 160]
 [ 18 161]
 [ 19 162]
 [ 20 163]
 [ 21 164]
 [ 22 165]
 [ 23 166]
 [ 24 167]
 [ 25 168]
 [ 26 169]
 [ 27 170]
 [ 28 171]
 [ 29 172]
 [ 30 173]
 [ 31 174]
 [ 32 175]
 [ 33 176]
 [ 34 177]
 [ 35 178]
 [ 36 179]
 [ 37 180]
 [ 38 181]
 [ 39 182]]",0.35,40,12010,/home/nfs/kkaminski/PLMBLST/ecod70db_20220902/12010.emb,0,143
23,111,1,48,100,"[[ 44 191]
 [ 45 192]
 [ 46 193]
 [ 47 194]
 [ 48 195]
 [ 49 196]
 [ 50 197]
 [ 51 198]
 [ 52 199]
 [ 53 200]
 [ 54 201]
 [ 55 202]
 [ 55 203]
 [ 56 203]
 [ 56 204]
 [ 57 205]
 [ 58 206]
 [ 59 207]
 [ 60 208]
 [ 61 209]
 [ 62 210]
 [ 63 211]
 [ 64 212]
 [ 65 213]
 [ 66 214]
 [ 67 215]
 [ 68 216]
 [ 69 217]
 [ 70 218]
 [ 71 219]
 [ 72 220]
 [ 73 221]
 [ 74 222]
 [ 75 223]
 [ 76 224]
 [ 77 225]
 [ 78 226]
 [ 79 227]
 [ 80 228]
 [ 81 229]
 [ 82 230]
 [ 83 231]
 [ 84 232]
 [ 85 233]
 [ 86 233]
 [ 87 233]
 [ 88 234]
 [ 89 235]
 [ 90 236]
 [ 91 237]
 [ 92 238]
 [ 93 239]]",0.33,52,12010,/home/nfs/kkaminski/PLMBLST/ecod70db_20220902/12010.emb,44,191
38,187,0,0,23,"[[ 0 36]
 [ 1 36]
 [ 1 37]
 [ 2 37]
 [ 3 38]
 [ 4 39]
 [ 4 40]
 [ 5 40]
 [ 5 41]
 [ 6 42]
 [ 7 43]
 [ 8 44]
 [ 9 45]
 [10 46]
 [11 47]
 [12 48]
 [13 49]
 [14 50]
 [15 51]
 [16 52]
 [17 53]
 [18 54]
 [19 55]]",0.32,23,12010,/home/nfs/kkaminski/PLMBLST/ecod70db_20220902/12010.emb,0,36
39,188,0,27,52,"[[27 56]
 [28 57]
 [29 58]
 [30 59]
 [31 60]
 [32 61]
 [33 62]
 [34 63]
 [35 64]
 [36 65]
 [37 66]
 [38 67]
 [39 68]
 [40 69]
 [41 70]
 [42 71]
 [43 72]
 [44 73]
 [45 74]
 [46 75]
 [47 76]
 [48 77]
 [49 78]
 [50 79]
 [51 80]]",0.23,25,12010,/home/nfs/kkaminski/PLMBLST/ecod70db_20220902/12010.emb,27,56
22,111,0,19,46,"[[ 15 162]
 [ 16 163]
 [ 17 164]
 [ 18 165]
 [ 19 166]
 [ 20 167]
 [ 21 168]
 [ 22 169]
 [ 23 170]
 [ 24 171]
 [ 25 172]
 [ 26 173]
 [ 27 174]
 [ 28 175]
 [ 29 176]
 [ 30 177]
 [ 31 178]
 [ 32 179]
 [ 33 180]
 [ 34 181]
 [ 35 182]
 [ 36 183]
 [ 37 184]
 [ 38 185]
 [ 39 186]
 [ 40 187]
 [ 41 188]]",0.22,27,12010,/home/nfs/kkaminski/PLMBLST/ecod70db_20220902/12010.emb,15,162
44,214,0,63,90,"[[63 54]
 [64 55]
 [65 56]
 [66 57]
 [67 58]
 [68 59]
 [69 59]
 [70 59]
 [71 60]
 [72 61]
 [73 62]
 [74 63]
 [75 64]
 [76 65]
 [77 66]
 [78 67]
 [79 68]
 [80 69]
 [81 70]
 [82 71]
 [83 72]
 [84 73]
 [85 74]
 [86 75]
 [87 76]
 [88 77]
 [89 78]]",0.2,27,12010,/home/nfs/kkaminski/PLMBLST/ecod70db_20220902/12010.emb,63,54
9,102,1,62,82,"[[ 62 203]
 [ 63 204]
 [ 64 205]
 [ 65 206]
 [ 66 207]
 [ 67 208]
 [ 68 209]
 [ 69 210]
 [ 70 211]
 [ 71 212]
 [ 72 213]
 [ 73 214]
 [ 74 215]
 [ 75 216]
 [ 76 217]
 [ 77 218]
 [ 78 219]
 [ 79 220]
 [ 80 221]
 [ 81 222]]",0.37,20,12077,/home/nfs/kkaminski/PLMBLST/ecod70db_20220902/12077.emb,62,203
17,110,0,40,80,"[[ 40 179]
 [ 41 180]
 [ 42 181]
 [ 43 182]
 [ 44 183]
 [ 45 184]
 [ 46 185]
 [ 47 186]
 [ 48 187]
 [ 49 188]
 [ 50 189]
 [ 51 190]
 [ 52 191]
 [ 53 192]
 [ 54 193]
 [ 55 194]
 [ 56 195]
 [ 57 196]
 [ 58 197]
 [ 59 198]
 [ 60 199]
 [ 61 200]
 [ 62 201]
 [ 63 202]
 [ 64 203]
 [ 65 204]
 [ 66 205]
 [ 67 206]
 [ 68 207]
 [ 69 208]
 [ 70 209]
 [ 71 210]
 [ 72 211]
 [ 73 212]
 [ 74 213]
 [ 75 214]
 [ 76 215]
 [ 77 216]
 [ 78 217]
 [ 79 218]]",0.22,40,12077,/home/nfs/kkaminski/PLMBLST/ecod70db_20220902/12077.emb,40,179
27,123,0,7,36,"[[  7 133]
 [  8 134]
 [  9 135]
 [ 10 136]
 [ 11 137]
 [ 12 138]
 [ 13 139]
 [ 14 140]
 [ 15 141]
 [ 16 142]
 [ 17 143]
 [ 18 144]
 [ 19 145]
 [ 20 146]
 [ 21 147]
 [ 21 148]
 [ 22 148]
 [ 22 149]
 [ 23 150]
 [ 24 151]
 [ 25 152]
 [ 26 152]
 [ 27 152]
 [ 28 153]
 [ 29 154]
 [ 30 155]
 [ 31 156]
 [ 32 157]
 [ 33 158]]",0.21,29,12077,/home/nfs/kkaminski/PLMBLST/ecod70db_20220902/12077.emb,7,133
41,201,0,19,48,"[[18 36]
 [18 37]
 [19 37]
 [20 38]
 [21 39]
 [22 40]
 [23 41]
 [24 42]
 [25 43]
 [26 44]
 [27 45]
 [28 46]
 [29 47]
 [30 48]
 [31 49]
 [32 50]
 [33 51]
 [34 52]
 [35 53]
 [36 54]
 [37 55]
 [38 56]
 [39 57]
 [40 58]
 [41 59]
 [42 60]
 [43 61]
 [44 62]
 [45 63]]",0.21,29,12077,/home/nfs/kkaminski/PLMBLST/ecod70db_20220902/12077.emb,18,36
1,62,0,10,32,"[[  7 195]
 [  8 196]
 [  9 197]
 [ 10 198]
 [ 11 199]
 [ 12 200]
 [ 13 201]
 [ 14 202]
 [ 15 203]
 [ 16 204]
 [ 17 205]
 [ 18 206]
 [ 19 207]
 [ 20 208]
 [ 21 209]
 [ 22 210]
 [ 23 211]
 [ 24 212]
 [ 25 213]
 [ 26 214]
 [ 27 215]
 [ 28 216]]",0.17,22,12077,/home/nfs/kkaminski/PLMBLST/ecod70db_20220902/12077.emb,7,195
30,184,0,79,99,"[[ 74 104]
 [ 75 105]
 [ 76 106]
 [ 77 107]
 [ 78 108]
 [ 79 109]
 [ 80 110]
 [ 81 111]
 [ 82 112]
 [ 83 113]
 [ 84 114]
 [ 85 115]
 [ 86 116]
 [ 87 117]
 [ 88 118]
 [ 89 119]
 [ 90 120]
 [ 91 121]
 [ 92 122]
 [ 93 123]]",0.15,20,12077,/home/nfs/kkaminski/PLMBLST/ecod70db_20220902/12077.emb,74,104
7,125,1,63,98,"[[ 60 208]
 [ 61 209]
 [ 62 210]
 [ 63 211]
 [ 64 212]
 [ 65 213]
 [ 66 214]
 [ 67 215]
 [ 68 216]
 [ 69 217]
 [ 70 218]
 [ 71 219]
 [ 72 220]
 [ 73 221]
 [ 74 222]
 [ 75 223]
 [ 76 224]
 [ 77 225]
 [ 78 226]
 [ 79 227]
 [ 80 228]
 [ 81 229]
 [ 82 230]
 [ 83 231]
 [ 84 232]
 [ 85 233]
 [ 86 234]
 [ 87 235]
 [ 88 236]
 [ 89 237]
 [ 90 238]
 [ 91 239]
 [ 92 240]
 [ 93 241]
 [ 94 242]]",0.44,35,12061,/home/nfs/kkaminski/PLMBLST/ecod70db_20220902/12061.emb,60,208
25,137,0,0,38,"[[  0 135]
 [  1 135]
 [  1 136]
 [  1 137]
 [  2 137]
 [  2 138]
 [  3 139]
 [  3 140]
 [  3 141]
 [  4 142]
 [  5 143]
 [  6 144]
 [  7 145]
 [  8 146]
 [  9 147]
 [ 10 148]
 [ 11 149]
 [ 12 150]
 [ 13 151]
 [ 14 152]
 [ 15 153]
 [ 16 154]
 [ 17 155]
 [ 18 155]
 [ 18 156]
 [ 19 156]
 [ 20 157]
 [ 21 158]
 [ 22 159]
 [ 23 160]
 [ 24 161]
 [ 25 162]
 [ 26 163]
 [ 27 164]
 [ 28 165]
 [ 29 166]
 [ 30 167]
 [ 31 168]]",0.29,38,12061,/home/nfs/kkaminski/PLMBLST/ecod70db_20220902/12061.emb,0,135
4,123,0,26,100,"[[ 27 173]
 [ 28 174]
 [ 29 175]
 [ 30 176]
 [ 30 177]
 [ 31 177]
 [ 32 178]
 [ 33 179]
 [ 33 180]
 [ 34 180]
 [ 34 181]
 [ 35 182]
 [ 36 183]
 [ 37 184]
 [ 38 185]
 [ 39 186]
 [ 40 187]
 [ 41 188]
 [ 42 189]
 [ 42 190]
 [ 42 191]
 [ 42 192]
 [ 43 193]
 [ 44 194]
 [ 45 195]
 [ 46 196]
 [ 47 197]
 [ 48 198]
 [ 49 199]
 [ 50 200]
 [ 51 201]
 [ 52 202]
 [ 53 203]
 [ 54 204]
 [ 55 205]
 [ 56 206]
 [ 57 207]
 [ 58 208]
 [ 59 209]
 [ 60 210]
 [ 61 211]
 [ 62 212]
 [ 63 213]
 [ 64 214]
 [ 65 215]
 [ 66 216]
 [ 67 217]
 [ 68 218]
 [ 69 219]
 [ 70 220]
 [ 71 221]
 [ 72 222]
 [ 73 223]
 [ 74 224]
 [ 75 225]
 [ 76 226]
 [ 77 227]
 [ 78 228]
 [ 79 229]
 [ 80 230]
 [ 81 231]
 [ 82 232]
 [ 83 233]
 [ 84 234]
 [ 85 235]
 [ 86 236]
 [ 87 237]
 [ 88 238]
 [ 89 239]
 [ 90 240]
 [ 91 241]
 [ 92 242]
 [ 93 243]
 [ 94 244]]",0.29,74,12061,/home/nfs/kkaminski/PLMBLST/ecod70db_20220902/12061.emb,27,173
43,195,0,0,33,"[[ 0 27]
 [ 1 27]
 [ 1 28]
 [ 2 28]
 [ 2 29]
 [ 3 30]
 [ 3 31]
 [ 3 32]
 [ 3 33]
 [ 4 33]
 [ 4 34]
 [ 5 35]
 [ 6 36]
 [ 7 37]
 [ 8 38]
 [ 9 39]
 [10 40]
 [11 41]
 [12 42]
 [13 43]
 [14 44]
 [15 45]
 [16 46]
 [17 47]
 [18 48]
 [19 49]
 [20 50]
 [21 51]
 [22 52]
 [23 53]
 [24 54]
 [25 55]
 [26 56]]",0.25,33,12061,/home/nfs/kkaminski/PLMBLST/ecod70db_20220902/12061.emb,0,27
52,199,1,35,72,"[[29 59]
 [30 60]
 [31 61]
 [32 62]
 [33 63]
 [34 64]
 [35 65]
 [36 66]
 [37 67]
 [38 68]
 [39 69]
 [40 70]
 [41 71]
 [42 72]
 [43 73]
 [44 74]
 [45 75]
 [46 76]
 [47 77]
 [48 78]
 [49 79]
 [50 80]
 [51 81]
 [52 82]
 [53 83]
 [54 84]
 [55 85]
 [56 86]
 [57 87]
 [58 88]
 [59 89]
 [60 90]
 [61 91]
 [62 92]
 [63 93]
 [64 94]
 [65 95]]",0.24,37,12061,/home/nfs/kkaminski/PLMBLST/ecod70db_20220902/12061.emb,29,59
34,190,1,68,96,"[[ 58  92]
 [ 59  93]
 [ 60  94]
 [ 61  95]
 [ 62  96]
 [ 63  97]
 [ 64  98]
 [ 65  99]
 [ 66 100]
 [ 67 101]
 [ 68 102]
 [ 68 103]
 [ 69 104]
 [ 70 105]
 [ 71 106]
 [ 72 107]
 [ 73 108]
 [ 74 109]
 [ 75 110]
 [ 76 111]
 [ 77 112]
 [ 78 113]
 [ 79 114]
 [ 80 115]
 [ 81 116]
 [ 82 117]
 [ 83 118]
 [ 84 119]]",0.24,28,12061,/home/nfs/kkaminski/PLMBLST/ecod70db_20220902/12061.emb,58,92
60,223,0,57,81,"[[67 56]
 [68 57]
 [69 58]
 [70 59]
 [71 60]
 [72 61]
 [73 62]
 [74 63]
 [75 64]
 [76 65]
 [77 66]
 [78 67]
 [79 68]
 [80 69]
 [81 70]
 [82 71]
 [83 72]
 [84 73]
 [85 74]
 [86 75]
 [87 76]
 [88 77]
 [89 78]
 [90 79]]",0.19,24,12061,/home/nfs/kkaminski/PLMBLST/ecod70db_20220902/12061.emb,67,56
2,121,0,38,63,"[[ 38 190]
 [ 39 191]
 [ 40 192]
 [ 41 193]
 [ 42 194]
 [ 43 195]
 [ 44 196]
 [ 45 197]
 [ 46 198]
 [ 47 199]
 [ 48 200]
 [ 49 201]
 [ 50 202]
 [ 51 203]
 [ 52 204]
 [ 53 205]
 [ 54 206]
 [ 55 207]
 [ 56 208]
 [ 57 209]
 [ 58 210]
 [ 59 211]
 [ 60 212]
 [ 61 213]
 [ 62 214]]",0.17,25,12061,/home/nfs/kkaminski/PLMBLST/ecod70db_20220902/12061.emb,38,190
32,162,0,20,40,"[[ 18 104]
 [ 19 105]
 [ 20 106]
 [ 21 107]
 [ 22 108]
 [ 23 109]
 [ 24 110]
 [ 25 111]
 [ 26 112]
 [ 27 113]
 [ 28 114]
 [ 29 115]
 [ 30 116]
 [ 31 117]
 [ 32 118]
 [ 33 119]
 [ 34 120]
 [ 35 121]
 [ 36 122]
 [ 37 123]]",0.16,20,12061,/home/nfs/kkaminski/PLMBLST/ecod70db_20220902/12061.emb,18,104
18,123,0,0,25,"[[  0 142]
 [  1 143]
 [  2 144]
 [  3 145]
 [  4 146]
 [  5 147]
 [  6 148]
 [  7 149]
 [  8 150]
 [  9 151]
 [ 10 152]
 [ 11 153]
 [ 12 154]
 [ 13 155]
 [ 14 156]
 [ 15 157]
 [ 16 158]
 [ 17 159]
 [ 18 160]
 [ 19 161]
 [ 20 162]
 [ 21 163]
 [ 22 164]
 [ 23 165]
 [ 24 166]]",0.44,25,13231,/home/nfs/kkaminski/PLMBLST/ecod70db_20220902/13231.emb,0,142
35,187,1,65,100,"[[ 63  94]
 [ 64  95]
 [ 65  96]
 [ 66  97]
 [ 67  98]
 [ 68  99]
 [ 69 100]
 [ 70 101]
 [ 71 102]
 [ 72 103]
 [ 73 104]
 [ 74 105]
 [ 75 106]
 [ 76 107]
 [ 77 108]
 [ 78 109]
 [ 79 110]
 [ 80 111]
 [ 81 112]
 [ 82 113]
 [ 83 114]
 [ 84 115]
 [ 85 116]
 [ 86 117]
 [ 87 118]
 [ 88 119]
 [ 89 120]
 [ 90 121]
 [ 91 122]
 [ 92 123]
 [ 93 124]
 [ 94 125]
 [ 95 126]
 [ 96 127]
 [ 97 128]]",0.4,35,13231,/home/nfs/kkaminski/PLMBLST/ecod70db_20220902/13231.emb,63,94
34,187,0,0,20,"[[ 0 34]
 [ 1 35]
 [ 2 36]
 [ 3 37]
 [ 4 38]
 [ 5 39]
 [ 6 40]
 [ 7 41]
 [ 7 42]
 [ 8 42]
 [ 8 43]
 [ 9 44]
 [10 45]
 [11 46]
 [12 47]
 [13 48]
 [14 49]
 [15 50]
 [16 51]
 [17 52]]",0.34,20,13231,/home/nfs/kkaminski/PLMBLST/ecod70db_20220902/13231.emb,0,34
31,185,1,72,100,"[[ 70 103]
 [ 71 104]
 [ 72 105]
 [ 73 106]
 [ 74 107]
 [ 75 108]
 [ 76 109]
 [ 77 110]
 [ 78 111]
 [ 79 112]
 [ 80 113]
 [ 81 114]
 [ 82 115]
 [ 83 116]
 [ 84 117]
 [ 85 118]
 [ 86 119]
 [ 87 120]
 [ 88 121]
 [ 89 122]
 [ 90 123]
 [ 91 124]
 [ 92 125]
 [ 93 126]
 [ 94 127]
 [ 95 128]
 [ 96 129]
 [ 97 130]]",0.28,28,13231,/home/nfs/kkaminski/PLMBLST/ecod70db_20220902/13231.emb,70,103
13,119,1,63,99,"[[ 61 205]
 [ 62 206]
 [ 63 207]
 [ 64 208]
 [ 65 209]
 [ 66 210]
 [ 67 211]
 [ 68 212]
 [ 69 213]
 [ 70 214]
 [ 71 215]
 [ 72 216]
 [ 73 217]
 [ 74 218]
 [ 75 219]
 [ 76 220]
 [ 77 221]
 [ 78 222]
 [ 79 223]
 [ 80 224]
 [ 81 225]
 [ 82 226]
 [ 83 227]
 [ 84 228]
 [ 85 229]
 [ 86 230]
 [ 87 231]
 [ 88 232]
 [ 89 233]
 [ 90 234]
 [ 91 235]
 [ 92 236]
 [ 93 237]
 [ 94 238]
 [ 95 239]
 [ 96 240]]",0.27,36,13231,/home/nfs/kkaminski/PLMBLST/ecod70db_20220902/13231.emb,61,205
42,192,0,28,72,"[[27 56]
 [28 57]
 [29 58]
 [30 59]
 [31 60]
 [32 61]
 [33 62]
 [34 63]
 [35 64]
 [36 65]
 [37 66]
 [38 67]
 [39 68]
 [40 69]
 [41 70]
 [42 71]
 [43 72]
 [44 73]
 [45 74]
 [46 75]
 [47 76]
 [48 77]
 [49 77]
 [50 77]
 [51 78]
 [52 79]
 [53 80]
 [54 81]
 [55 82]
 [56 83]
 [57 84]
 [58 85]
 [59 86]
 [60 87]
 [61 88]
 [62 89]
 [63 90]
 [64 91]
 [65 92]
 [66 93]
 [67 94]
 [68 95]
 [69 96]
 [70 97]]",0.24,44,13231,/home/nfs/kkaminski/PLMBLST/ecod70db_20220902/13231.emb,27,56
7,116,0,35,67,"[[ 29 177]
 [ 30 178]
 [ 31 179]
 [ 32 180]
 [ 33 181]
 [ 34 182]
 [ 35 183]
 [ 36 184]
 [ 37 185]
 [ 38 186]
 [ 39 187]
 [ 40 188]
 [ 41 189]
 [ 42 190]
 [ 43 191]
 [ 44 192]
 [ 45 193]
 [ 46 194]
 [ 47 195]
 [ 48 196]
 [ 49 197]
 [ 50 198]
 [ 51 199]
 [ 52 200]
 [ 53 201]
 [ 54 202]
 [ 55 203]
 [ 56 204]
 [ 57 205]
 [ 58 206]
 [ 59 207]
 [ 60 208]]",0.24,32,13231,/home/nfs/kkaminski/PLMBLST/ecod70db_20220902/13231.emb,29,177
1,110,0,35,57,"[[ 28 177]
 [ 28 178]
 [ 29 179]
 [ 30 180]
 [ 31 181]
 [ 32 182]
 [ 33 183]
 [ 34 184]
 [ 35 185]
 [ 36 186]
 [ 37 187]
 [ 38 188]
 [ 39 189]
 [ 40 190]
 [ 41 191]
 [ 42 192]
 [ 43 193]
 [ 44 194]
 [ 45 195]
 [ 46 196]
 [ 47 197]
 [ 48 198]]",0.19,22,13231,/home/nfs/kkaminski/PLMBLST/ecod70db_20220902/13231.emb,28,177
19,148,0,21,48,"[[ 13 104]
 [ 14 105]
 [ 15 106]
 [ 16 107]
 [ 17 108]
 [ 18 109]
 [ 19 110]
 [ 20 111]
 [ 21 112]
 [ 22 113]
 [ 23 114]
 [ 24 115]
 [ 25 116]
 [ 26 117]
 [ 27 118]
 [ 28 119]
 [ 29 120]
 [ 30 121]
 [ 31 122]
 [ 32 123]
 [ 33 124]
 [ 34 125]
 [ 35 126]
 [ 36 127]
 [ 37 128]
 [ 38 129]
 [ 39 130]]",0.17,27,13231,/home/nfs/kkaminski/PLMBLST/ecod70db_20220902/13231.emb,13,104
44,194,0,36,61,"[[44 67]
 [44 68]
 [44 69]
 [45 70]
 [46 71]
 [47 72]
 [48 73]
 [49 74]
 [50 75]
 [51 76]
 [52 77]
 [53 78]
 [54 79]
 [55 80]
 [56 81]
 [57 82]
 [58 83]
 [59 84]
 [60 85]
 [61 86]
 [62 87]
 [63 88]
 [64 89]
 [65 90]
 [66 91]]",0.16,25,13231,/home/nfs/kkaminski/PLMBLST/ecod70db_20220902/13231.emb,44,67
28,188,0,0,39,"[[ 0 23]
 [ 1 23]
 [ 1 24]
 [ 1 25]
 [ 1 26]
 [ 1 27]
 [ 2 27]
 [ 2 28]
 [ 3 28]
 [ 3 29]
 [ 4 30]
 [ 4 31]
 [ 4 32]
 [ 4 33]
 [ 5 33]
 [ 5 34]
 [ 6 35]
 [ 7 35]
 [ 8 36]
 [ 9 37]
 [10 38]
 [11 39]
 [12 40]
 [13 41]
 [14 42]
 [15 43]
 [16 44]
 [17 45]
 [18 46]
 [19 47]
 [20 48]
 [21 49]
 [22 50]
 [23 51]
 [24 52]
 [25 53]
 [26 54]
 [27 55]
 [28 56]]",0.36,39,14778,/home/nfs/kkaminski/PLMBLST/ecod70db_20220902/14778.emb,0,23
16,120,0,0,48,"[[  0 127]
 [  1 127]
 [  1 128]
 [  1 129]
 [  1 130]
 [  1 131]
 [  1 132]
 [  1 133]
 [  1 134]
 [  1 135]
 [  1 136]
 [  2 136]
 [  2 137]
 [  3 138]
 [  4 139]
 [  5 140]
 [  6 141]
 [  7 142]
 [  8 143]
 [  8 144]
 [  9 145]
 [ 10 146]
 [ 11 147]
 [ 12 148]
 [ 13 148]
 [ 13 149]
 [ 14 149]
 [ 15 150]
 [ 16 151]
 [ 17 152]
 [ 18 153]
 [ 19 154]
 [ 20 155]
 [ 21 156]
 [ 22 157]
 [ 23 158]
 [ 24 159]
 [ 25 160]
 [ 26 161]
 [ 27 162]
 [ 28 163]
 [ 29 164]
 [ 30 165]
 [ 31 166]
 [ 32 167]
 [ 33 168]
 [ 34 169]
 [ 35 170]]",0.31,48,14778,/home/nfs/kkaminski/PLMBLST/ecod70db_20220902/14778.emb,0,127
50,203,0,41,95,"[[ 35  57]
 [ 36  58]
 [ 37  59]
 [ 38  60]
 [ 39  61]
 [ 40  62]
 [ 41  63]
 [ 42  64]
 [ 43  65]
 [ 44  66]
 [ 45  67]
 [ 46  68]
 [ 47  69]
 [ 48  70]
 [ 49  71]
 [ 50  72]
 [ 51  73]
 [ 52  74]
 [ 53  75]
 [ 54  76]
 [ 55  77]
 [ 56  78]
 [ 57  79]
 [ 58  80]
 [ 59  81]
 [ 60  82]
 [ 61  83]
 [ 62  84]
 [ 63  85]
 [ 64  86]
 [ 65  87]
 [ 66  88]
 [ 67  89]
 [ 68  90]
 [ 69  91]
 [ 70  92]
 [ 71  93]
 [ 72  94]
 [ 73  95]
 [ 74  96]
 [ 75  97]
 [ 76  98]
 [ 77  99]
 [ 78 100]
 [ 79 101]
 [ 80 102]
 [ 81 103]
 [ 82 104]
 [ 83 105]
 [ 84 106]
 [ 85 107]
 [ 86 108]
 [ 87 109]
 [ 88 110]]",0.26,54,14778,/home/nfs/kkaminski/PLMBLST/ecod70db_20220902/14778.emb,35,57
38,195,2,71,110,"[[ 61  85]
 [ 62  86]
 [ 63  87]
 [ 64  88]
 [ 65  89]
 [ 66  90]
 [ 67  91]
 [ 68  92]
 [ 69  93]
 [ 70  94]
 [ 71  95]
 [ 72  96]
 [ 73  97]
 [ 74  98]
 [ 75  99]
 [ 76 100]
 [ 77 101]
 [ 78 102]
 [ 79 103]
 [ 80 104]
 [ 81 105]
 [ 82 106]
 [ 83 107]
 [ 84 108]
 [ 85 109]
 [ 86 110]
 [ 87 111]
 [ 88 112]
 [ 89 113]
 [ 90 114]
 [ 91 115]
 [ 92 116]
 [ 93 117]
 [ 94 118]
 [ 95 119]
 [ 96 120]
 [ 97 121]
 [ 98 122]
 [ 99 123]]",0.26,39,14778,/home/nfs/kkaminski/PLMBLST/ecod70db_20220902/14778.emb,61,85
13,118,1,66,118,"[[ 50 189]
 [ 51 190]
 [ 52 191]
 [ 53 192]
 [ 54 193]
 [ 55 194]
 [ 56 195]
 [ 57 196]
 [ 58 197]
 [ 59 198]
 [ 60 199]
 [ 61 200]
 [ 62 201]
 [ 63 202]
 [ 64 203]
 [ 65 204]
 [ 66 205]
 [ 67 206]
 [ 68 207]
 [ 69 208]
 [ 70 209]
 [ 71 210]
 [ 72 211]
 [ 73 212]
 [ 74 213]
 [ 75 214]
 [ 76 215]
 [ 77 216]
 [ 78 217]
 [ 79 218]
 [ 80 219]
 [ 81 220]
 [ 82 221]
 [ 83 222]
 [ 84 223]
 [ 85 224]
 [ 86 225]
 [ 87 226]
 [ 88 227]
 [ 89 228]
 [ 90 229]
 [ 91 230]
 [ 92 231]
 [ 93 232]
 [ 94 233]
 [ 95 234]
 [ 96 235]
 [ 97 236]
 [ 98 237]
 [ 99 238]
 [100 239]
 [101 240]]",0.25,52,14778,/home/nfs/kkaminski/PLMBLST/ecod70db_20220902/14778.emb,50,189
35,194,1,86,111,"[[ 76 102]
 [ 77 103]
 [ 78 104]
 [ 79 105]
 [ 80 106]
 [ 81 107]
 [ 82 108]
 [ 83 109]
 [ 84 110]
 [ 85 111]
 [ 86 112]
 [ 87 113]
 [ 88 114]
 [ 89 115]
 [ 90 116]
 [ 91 117]
 [ 92 118]
 [ 93 119]
 [ 94 120]
 [ 95 121]
 [ 96 122]
 [ 97 123]
 [ 98 124]
 [ 99 125]
 [100 126]]",0.24,25,14778,/home/nfs/kkaminski/PLMBLST/ecod70db_20220902/14778.emb,76,102
1,112,1,54,77,"[[ 38 177]
 [ 38 178]
 [ 38 179]
 [ 39 180]
 [ 40 181]
 [ 41 182]
 [ 42 183]
 [ 43 184]
 [ 44 185]
 [ 45 186]
 [ 46 187]
 [ 47 188]
 [ 48 189]
 [ 49 190]
 [ 50 191]
 [ 51 192]
 [ 52 193]
 [ 53 194]
 [ 54 195]
 [ 55 196]
 [ 56 197]
 [ 57 198]
 [ 58 199]]",0.23,23,14778,/home/nfs/kkaminski/PLMBLST/ecod70db_20220902/14778.emb,38,177
19,121,1,79,115,"[[ 65 202]
 [ 66 203]
 [ 67 204]
 [ 68 205]
 [ 69 206]
 [ 70 207]
 [ 71 208]
 [ 72 209]
 [ 73 210]
 [ 74 211]
 [ 75 212]
 [ 76 213]
 [ 77 214]
 [ 78 215]
 [ 79 216]
 [ 80 217]
 [ 81 218]
 [ 82 219]
 [ 83 220]
 [ 84 221]
 [ 85 222]
 [ 86 223]
 [ 87 224]
 [ 88 225]
 [ 89 226]
 [ 90 227]
 [ 91 228]
 [ 92 229]
 [ 93 230]
 [ 94 231]
 [ 95 232]
 [ 96 233]
 [ 97 234]
 [ 98 235]
 [ 99 236]
 [100 237]]",0.23,36,14778,/home/nfs/kkaminski/PLMBLST/ecod70db_20220902/14778.emb,65,202
43,197,1,34,69,"[[24 48]
 [25 49]
 [26 50]
 [27 51]
 [28 52]
 [29 53]
 [30 54]
 [31 55]
 [32 56]
 [33 57]
 [34 58]
 [35 59]
 [36 60]
 [37 61]
 [38 62]
 [39 63]
 [40 64]
 [41 65]
 [42 66]
 [43 67]
 [44 68]
 [45 69]
 [46 70]
 [47 71]
 [48 72]
 [49 73]
 [50 74]
 [51 75]
 [52 76]
 [53 77]
 [54 78]
 [55 79]
 [56 80]
 [57 81]
 [58 82]]",0.2,35,14778,/home/nfs/kkaminski/PLMBLST/ecod70db_20220902/14778.emb,24,48
7,81,1,47,92,"[[ 34 172]
 [ 34 173]
 [ 34 174]
 [ 34 175]
 [ 34 176]
 [ 34 177]
 [ 35 178]
 [ 36 179]
 [ 37 180]
 [ 38 181]
 [ 39 182]
 [ 40 183]
 [ 41 184]
 [ 42 185]
 [ 43 186]
 [ 44 187]
 [ 45 188]
 [ 46 189]
 [ 47 190]
 [ 48 191]
 [ 49 192]
 [ 50 193]
 [ 51 194]
 [ 51 195]
 [ 51 196]
 [ 52 197]
 [ 53 198]
 [ 54 199]
 [ 55 200]
 [ 56 201]
 [ 57 202]
 [ 58 203]
 [ 59 204]
 [ 60 205]
 [ 61 206]
 [ 62 207]
 [ 63 208]
 [ 64 209]
 [ 65 210]
 [ 66 211]
 [ 67 212]
 [ 68 213]
 [ 69 214]
 [ 70 215]
 [ 71 216]]",0.41,45,16384,/home/nfs/kkaminski/PLMBLST/ecod70db_20220902/16384.emb,34,172
33,171,0,0,32,"[[ 0 26]
 [ 1 26]
 [ 1 27]
 [ 1 28]
 [ 1 29]
 [ 1 30]
 [ 1 31]
 [ 2 32]
 [ 3 33]
 [ 4 34]
 [ 5 35]
 [ 6 36]
 [ 7 37]
 [ 8 38]
 [ 9 39]
 [10 40]
 [11 41]
 [12 42]
 [13 43]
 [14 44]
 [15 45]
 [16 46]
 [17 47]
 [18 48]
 [19 49]
 [20 50]
 [21 51]
 [22 52]
 [23 53]
 [24 54]
 [25 55]
 [26 56]]",0.4,32,16384,/home/nfs/kkaminski/PLMBLST/ecod70db_20220902/16384.emb,0,26
26,95,0,8,45,"[[  1 134]
 [  1 135]
 [  1 136]
 [  2 137]
 [  2 138]
 [  2 139]
 [  2 140]
 [  3 141]
 [  4 142]
 [  5 143]
 [  6 144]
 [  7 145]
 [  8 146]
 [  9 147]
 [ 10 148]
 [ 11 149]
 [ 12 150]
 [ 13 151]
 [ 14 151]
 [ 15 152]
 [ 16 153]
 [ 17 154]
 [ 18 155]
 [ 19 156]
 [ 20 157]
 [ 21 158]
 [ 22 159]
 [ 23 160]
 [ 24 161]
 [ 25 162]
 [ 26 163]
 [ 27 164]
 [ 28 165]
 [ 29 166]
 [ 30 167]
 [ 31 168]
 [ 32 169]]",0.37,37,16384,/home/nfs/kkaminski/PLMBLST/ecod70db_20220902/16384.emb,1,134
34,172,0,31,110,"[[ 29  53]
 [ 30  54]
 [ 31  55]
 [ 32  56]
 [ 33  57]
 [ 34  58]
 [ 35  59]
 [ 36  60]
 [ 37  61]
 [ 38  62]
 [ 39  63]
 [ 40  64]
 [ 41  65]
 [ 42  66]
 [ 43  67]
 [ 44  68]
 [ 45  69]
 [ 46  70]
 [ 47  71]
 [ 48  72]
 [ 49  73]
 [ 50  74]
 [ 51  75]
 [ 52  76]
 [ 53  77]
 [ 54  78]
 [ 55  79]
 [ 56  80]
 [ 57  81]
 [ 58  82]
 [ 59  83]
 [ 60  84]
 [ 61  85]
 [ 62  86]
 [ 63  87]
 [ 64  88]
 [ 65  89]
 [ 66  90]
 [ 67  91]
 [ 68  92]
 [ 69  93]
 [ 69  94]
 [ 69  95]
 [ 69  96]
 [ 70  97]
 [ 71  98]
 [ 72  99]
 [ 73 100]
 [ 74 101]
 [ 75 102]
 [ 76 103]
 [ 77 104]
 [ 78 105]
 [ 79 106]
 [ 80 107]
 [ 81 108]
 [ 82 109]
 [ 83 110]
 [ 84 111]
 [ 85 112]
 [ 86 113]
 [ 87 114]
 [ 88 115]
 [ 89 116]
 [ 90 117]
 [ 91 118]
 [ 92 119]
 [ 93 120]
 [ 94 121]
 [ 95 122]
 [ 96 123]
 [ 97 124]
 [ 98 125]
 [ 99 126]
 [100 127]
 [101 128]
 [102 129]
 [103 130]
 [104 131]]",0.28,79,16384,/home/nfs/kkaminski/PLMBLST/ecod70db_20220902/16384.emb,29,53
49,180,1,87,107,"[[ 83 108]
 [ 84 109]
 [ 85 110]
 [ 86 111]
 [ 87 112]
 [ 88 113]
 [ 89 114]
 [ 90 115]
 [ 91 116]
 [ 92 117]
 [ 93 118]
 [ 94 119]
 [ 95 120]
 [ 96 121]
 [ 97 122]
 [ 98 123]
 [ 99 124]
 [100 125]
 [101 125]
 [102 125]]",0.28,20,16384,/home/nfs/kkaminski/PLMBLST/ecod70db_20220902/16384.emb,83,108
17,86,1,51,72,"[[ 36 176]
 [ 36 177]
 [ 37 178]
 [ 38 179]
 [ 39 180]
 [ 40 181]
 [ 41 182]
 [ 42 183]
 [ 43 184]
 [ 44 185]
 [ 45 186]
 [ 46 187]
 [ 47 188]
 [ 48 189]
 [ 49 190]
 [ 50 191]
 [ 51 192]
 [ 52 193]
 [ 53 194]
 [ 54 195]
 [ 55 196]]",0.25,21,16384,/home/nfs/kkaminski/PLMBLST/ecod70db_20220902/16384.emb,36,176
28,206,0,0,26,"[[ 0 30]
 [ 1 30]
 [ 1 31]
 [ 2 31]
 [ 2 32]
 [ 3 33]
 [ 4 34]
 [ 5 35]
 [ 6 36]
 [ 7 37]
 [ 8 38]
 [ 9 39]
 [10 40]
 [11 41]
 [12 42]
 [13 43]
 [14 44]
 [15 45]
 [16 46]
 [17 47]
 [18 48]
 [19 49]
 [20 50]
 [21 51]
 [22 52]
 [23 53]]",0.36,26,17460,/home/nfs/kkaminski/PLMBLST/ecod70db_20220902/17460.emb,0,30
20,129,0,0,34,"[[  0 138]
 [  1 139]
 [  2 140]
 [  3 141]
 [  4 142]
 [  5 143]
 [  6 144]
 [  7 145]
 [  8 146]
 [  9 147]
 [ 10 148]
 [ 11 149]
 [ 12 150]
 [ 13 151]
 [ 14 152]
 [ 15 152]
 [ 15 153]
 [ 16 153]
 [ 17 154]
 [ 18 155]
 [ 19 156]
 [ 20 157]
 [ 21 158]
 [ 22 159]
 [ 23 160]
 [ 24 161]
 [ 25 162]
 [ 26 163]
 [ 27 164]
 [ 28 165]
 [ 29 166]
 [ 30 167]
 [ 31 168]
 [ 32 169]]",0.32,34,17460,/home/nfs/kkaminski/PLMBLST/ecod70db_20220902/17460.emb,0,138
1,115,1,42,69,"[[ 37 178]
 [ 37 179]
 [ 37 180]
 [ 38 181]
 [ 39 182]
 [ 40 183]
 [ 41 184]
 [ 42 185]
 [ 43 186]
 [ 44 187]
 [ 45 188]
 [ 46 189]
 [ 47 190]
 [ 48 191]
 [ 49 192]
 [ 50 193]
 [ 51 194]
 [ 52 195]
 [ 53 196]
 [ 54 197]
 [ 55 198]
 [ 56 199]
 [ 57 200]
 [ 58 201]
 [ 59 202]
 [ 60 203]
 [ 60 204]]",0.21,27,17460,/home/nfs/kkaminski/PLMBLST/ecod70db_20220902/17460.emb,37,178
41,219,0,22,67,"[[20 44]
 [21 45]
 [22 46]
 [23 47]
 [24 48]
 [25 49]
 [26 50]
 [27 51]
 [28 52]
 [29 53]
 [30 54]
 [31 55]
 [32 56]
 [33 57]
 [34 58]
 [35 59]
 [36 60]
 [37 61]
 [38 62]
 [39 63]
 [40 64]
 [41 65]
 [42 66]
 [43 67]
 [44 68]
 [45 69]
 [46 70]
 [47 71]
 [48 72]
 [49 73]
 [50 74]
 [51 75]
 [52 76]
 [53 77]
 [54 78]
 [55 79]
 [56 80]
 [57 81]
 [58 82]
 [59 83]
 [60 84]
 [61 85]
 [62 86]
 [63 87]
 [64 88]]",0.19,45,17460,/home/nfs/kkaminski/PLMBLST/ecod70db_20220902/17460.emb,20,44
25,159,0,22,45,"[[ 22 104]
 [ 23 105]
 [ 24 106]
 [ 25 107]
 [ 26 108]
 [ 27 109]
 [ 28 110]
 [ 29 111]
 [ 30 112]
 [ 31 113]
 [ 32 114]
 [ 33 115]
 [ 34 116]
 [ 35 117]
 [ 36 118]
 [ 37 119]
 [ 38 120]
 [ 39 121]
 [ 40 122]
 [ 41 123]
 [ 42 124]
 [ 43 125]
 [ 44 126]]",0.14,23,17460,/home/nfs/kkaminski/PLMBLST/ecod70db_20220902/17460.emb,22,104
27,175,0,0,33,"[[ 0 27]
 [ 1 27]
 [ 1 28]
 [ 2 28]
 [ 2 29]
 [ 2 30]
 [ 3 30]
 [ 3 31]
 [ 3 32]
 [ 3 33]
 [ 4 34]
 [ 5 35]
 [ 6 36]
 [ 7 37]
 [ 8 38]
 [ 9 39]
 [10 40]
 [11 41]
 [12 42]
 [13 43]
 [14 44]
 [15 45]
 [16 46]
 [17 47]
 [18 48]
 [19 49]
 [20 50]
 [21 51]
 [22 52]
 [23 53]
 [24 54]
 [25 55]
 [26 56]]",0.39,33,17569,/home/nfs/kkaminski/PLMBLST/ecod70db_20220902/17569.emb,0,27
11,105,0,0,41,"[[  0 132]
 [  1 132]
 [  1 133]
 [  1 134]
 [  1 135]
 [  1 136]
 [  1 137]
 [  2 138]
 [  3 139]
 [  3 140]
 [  3 141]
 [  4 142]
 [  5 143]
 [  6 144]
 [  7 145]
 [  8 146]
 [  9 147]
 [ 10 148]
 [ 11 149]
 [ 12 150]
 [ 13 150]
 [ 14 151]
 [ 15 152]
 [ 16 153]
 [ 17 154]
 [ 18 155]
 [ 19 156]
 [ 20 157]
 [ 21 158]
 [ 22 159]
 [ 23 160]
 [ 24 161]
 [ 25 162]
 [ 26 163]
 [ 27 164]
 [ 28 165]
 [ 29 166]
 [ 30 167]
 [ 31 168]
 [ 32 169]
 [ 33 170]]",0.32,41,17569,/home/nfs/kkaminski/PLMBLST/ecod70db_20220902/17569.emb,0,132
48,209,0,1,21,"[[ 83  59]
 [ 84  60]
 [ 85  61]
 [ 86  62]
 [ 87  63]
 [ 88  64]
 [ 89  65]
 [ 90  66]
 [ 91  67]
 [ 92  68]
 [ 93  69]
 [ 94  70]
 [ 95  71]
 [ 96  72]
 [ 97  73]
 [ 98  74]
 [ 99  75]
 [100  76]
 [101  77]
 [102  78]]",0.3,20,17569,/home/nfs/kkaminski/PLMBLST/ecod70db_20220902/17569.emb,83,59
20,110,1,83,115,"[[ 76 213]
 [ 77 214]
 [ 78 215]
 [ 79 216]
 [ 80 217]
 [ 81 218]
 [ 82 219]
 [ 83 220]
 [ 84 221]
 [ 85 221]
 [ 86 221]
 [ 87 222]
 [ 88 223]
 [ 89 224]
 [ 90 225]
 [ 91 226]
 [ 92 227]
 [ 93 228]
 [ 94 229]
 [ 95 230]
 [ 96 231]
 [ 97 232]
 [ 98 233]
 [ 99 234]
 [100 235]
 [101 235]
 [102 235]
 [103 236]
 [104 237]
 [105 238]
 [106 239]
 [107 240]]",0.29,32,17569,/home/nfs/kkaminski/PLMBLST/ecod70db_20220902/17569.emb,76,213
33,181,0,27,50,"[[23 49]
 [24 50]
 [25 51]
 [26 52]
 [27 53]
 [28 54]
 [29 55]
 [30 56]
 [31 57]
 [32 58]
 [33 59]
 [34 60]
 [35 61]
 [36 62]
 [37 63]
 [38 64]
 [39 65]
 [40 66]
 [41 67]
 [42 68]
 [43 69]
 [44 70]
 [45 71]]",0.27,23,17569,/home/nfs/kkaminski/PLMBLST/ecod70db_20220902/17569.emb,23,49
23,121,0,24,44,"[[ 28 149]
 [ 29 150]
 [ 30 151]
 [ 31 152]
 [ 32 153]
 [ 33 154]
 [ 34 155]
 [ 35 156]
 [ 36 157]
 [ 37 158]
 [ 38 159]
 [ 39 160]
 [ 40 161]
 [ 41 162]
 [ 42 163]
 [ 43 164]
 [ 44 165]
 [ 45 166]
 [ 46 167]
 [ 47 168]]",0.23,20,17569,/home/nfs/kkaminski/PLMBLST/ecod70db_20220902/17569.emb,28,149
47,193,0,33,94,"[[ 30  54]
 [ 31  55]
 [ 32  56]
 [ 33  57]
 [ 34  58]
 [ 35  59]
 [ 36  60]
 [ 37  61]
 [ 38  62]
 [ 39  63]
 [ 40  64]
 [ 41  65]
 [ 42  66]
 [ 43  67]
 [ 44  68]
 [ 45  69]
 [ 46  70]
 [ 47  71]
 [ 48  72]
 [ 49  73]
 [ 50  74]
 [ 51  75]
 [ 52  76]
 [ 53  77]
 [ 54  78]
 [ 55  79]
 [ 56  80]
 [ 57  81]
 [ 58  82]
 [ 59  83]
 [ 60  84]
 [ 61  85]
 [ 62  86]
 [ 63  87]
 [ 64  88]
 [ 65  89]
 [ 66  90]
 [ 67  91]
 [ 68  92]
 [ 69  93]
 [ 70  94]
 [ 71  95]
 [ 72  96]
 [ 73  97]
 [ 74  98]
 [ 75  99]
 [ 76 100]
 [ 77 101]
 [ 78 102]
 [ 79 103]
 [ 80 104]
 [ 81 105]
 [ 82 106]
 [ 83 107]
 [ 84 108]
 [ 85 109]
 [ 86 110]
 [ 87 111]
 [ 88 112]
 [ 89 113]
 [ 90 114]]",0.23,61,17569,/home/nfs/kkaminski/PLMBLST/ecod70db_20220902/17569.emb,30,54
25,149,0,38,59,"[[ 36 104]
 [ 37 105]
 [ 38 106]
 [ 39 107]
 [ 40 108]
 [ 41 109]
 [ 42 110]
 [ 43 111]
 [ 44 112]
 [ 45 113]
 [ 46 114]
 [ 47 115]
 [ 48 116]
 [ 49 117]
 [ 50 118]
 [ 51 119]
 [ 52 120]
 [ 53 121]
 [ 54 122]
 [ 55 123]
 [ 56 124]]",0.21,21,17569,/home/nfs/kkaminski/PLMBLST/ecod70db_20220902/17569.emb,36,104
32,180,0,18,44,"[[14 42]
 [15 43]
 [16 44]
 [17 45]
 [18 46]
 [19 47]
 [20 48]
 [21 49]
 [22 50]
 [23 51]
 [24 52]
 [25 53]
 [26 54]
 [27 55]
 [28 56]
 [29 57]
 [30 58]
 [31 59]
 [32 60]
 [33 61]
 [34 62]
 [35 63]
 [36 64]
 [37 65]
 [38 66]
 [39 67]]",0.2,26,17569,/home/nfs/kkaminski/PLMBLST/ecod70db_20220902/17569.emb,14,42
24,148,0,35,56,"[[ 32 101]
 [ 32 102]
 [ 33 103]
 [ 34 104]
 [ 35 105]
 [ 36 106]
 [ 37 107]
 [ 38 108]
 [ 39 109]
 [ 40 110]
 [ 41 111]
 [ 42 112]
 [ 43 113]
 [ 44 114]
 [ 45 115]
 [ 46 116]
 [ 47 117]
 [ 48 118]
 [ 49 119]
 [ 50 120]
 [ 51 121]]",0.19,21,17569,/home/nfs/kkaminski/PLMBLST/ecod70db_20220902/17569.emb,32,101
34,181,1,52,75,"[[48 74]
 [49 75]
 [50 76]
 [51 77]
 [52 78]
 [53 79]
 [54 80]
 [55 81]
 [56 82]
 [57 83]
 [58 84]
 [59 85]
 [60 86]
 [61 87]
 [62 88]
 [63 89]
 [64 90]
 [65 91]
 [66 92]
 [67 93]
 [68 94]
 [69 95]
 [70 96]]",0.13,23,17569,/home/nfs/kkaminski/PLMBLST/ecod70db_20220902/17569.emb,48,74
28,126,0,14,40,"[[ 14 131]
 [ 15 132]
 [ 16 133]
 [ 17 134]
 [ 18 135]
 [ 19 136]
 [ 20 137]
 [ 21 138]
 [ 22 139]
 [ 23 140]
 [ 23 141]
 [ 23 142]
 [ 24 143]
 [ 25 144]
 [ 26 145]
 [ 27 146]
 [ 28 147]
 [ 29 148]
 [ 30 149]
 [ 31 150]
 [ 32 151]
 [ 33 152]
 [ 34 153]
 [ 35 154]
 [ 36 155]
 [ 37 156]]",0.35,26,18426,/home/nfs/kkaminski/PLMBLST/ecod70db_20220902/18426.emb,14,131
38,192,0,76,113,"[[ 73  91]
 [ 74  92]
 [ 75  93]
 [ 76  94]
 [ 77  95]
 [ 78  96]
 [ 79  97]
 [ 80  98]
 [ 81  99]
 [ 82 100]
 [ 83 101]
 [ 84 102]
 [ 85 103]
 [ 86 104]
 [ 87 105]
 [ 88 106]
 [ 89 107]
 [ 90 108]
 [ 91 109]
 [ 92 110]
 [ 93 111]
 [ 94 112]
 [ 95 113]
 [ 96 114]
 [ 97 115]
 [ 98 116]
 [ 99 117]
 [100 118]
 [101 119]
 [102 120]
 [103 121]
 [104 122]
 [105 123]
 [106 124]
 [107 125]
 [108 126]
 [109 127]]",0.32,37,18426,/home/nfs/kkaminski/PLMBLST/ecod70db_20220902/18426.emb,73,91
10,110,0,68,103,"[[ 67 198]
 [ 68 199]
 [ 69 200]
 [ 70 201]
 [ 71 202]
 [ 71 203]
 [ 72 203]
 [ 72 204]
 [ 73 205]
 [ 74 206]
 [ 75 207]
 [ 76 208]
 [ 77 209]
 [ 78 210]
 [ 79 211]
 [ 80 212]
 [ 81 213]
 [ 82 214]
 [ 83 215]
 [ 84 216]
 [ 85 216]
 [ 86 217]
 [ 87 218]
 [ 88 219]
 [ 89 220]
 [ 90 221]
 [ 91 222]
 [ 92 223]
 [ 93 224]
 [ 94 225]
 [ 95 226]
 [ 96 227]
 [ 97 228]
 [ 98 229]
 [ 99 230]]",0.3,35,18426,/home/nfs/kkaminski/PLMBLST/ecod70db_20220902/18426.emb,67,198
17,116,1,55,84,"[[ 46 172]
 [ 46 173]
 [ 46 174]
 [ 46 175]
 [ 47 176]
 [ 48 177]
 [ 49 178]
 [ 50 179]
 [ 51 180]
 [ 52 181]
 [ 53 182]
 [ 54 183]
 [ 55 184]
 [ 56 185]
 [ 57 186]
 [ 58 187]
 [ 59 188]
 [ 60 189]
 [ 61 190]
 [ 62 191]
 [ 63 192]
 [ 64 193]
 [ 65 194]
 [ 66 195]
 [ 67 196]
 [ 68 197]
 [ 69 198]
 [ 70 199]
 [ 71 200]]",0.27,29,18426,/home/nfs/kkaminski/PLMBLST/ecod70db_20220902/18426.emb,46,172
44,198,0,31,70,"[[15 25]
 [15 26]
 [16 26]
 [17 26]
 [17 27]
 [18 27]
 [18 28]
 [19 29]
 [20 29]
 [20 30]
 [21 31]
 [22 32]
 [22 33]
 [23 33]
 [23 34]
 [24 35]
 [25 36]
 [26 37]
 [27 38]
 [28 39]
 [29 40]
 [30 41]
 [31 42]
 [32 43]
 [33 44]
 [34 45]
 [35 46]
 [36 47]
 [37 48]
 [38 49]
 [39 50]
 [40 51]
 [41 52]
 [42 53]
 [43 54]
 [44 55]
 [45 56]
 [46 57]
 [47 58]]",0.25,39,18426,/home/nfs/kkaminski/PLMBLST/ecod70db_20220902/18426.emb,15,25
33,133,0,7,31,"[[  3 114]
 [  3 115]
 [  3 116]
 [  4 117]
 [  5 118]
 [  6 119]
 [  7 120]
 [  8 121]
 [  9 122]
 [ 10 123]
 [ 11 124]
 [ 12 125]
 [ 13 126]
 [ 14 127]
 [ 15 128]
 [ 16 129]
 [ 17 130]
 [ 18 131]
 [ 19 132]
 [ 20 133]
 [ 21 134]
 [ 22 135]
 [ 23 136]
 [ 24 137]]",0.21,24,18426,/home/nfs/kkaminski/PLMBLST/ecod70db_20220902/18426.emb,3,114
45,198,1,72,93,"[[50 61]
 [51 62]
 [52 63]
 [53 64]
 [54 65]
 [55 66]
 [56 67]
 [57 68]
 [58 69]
 [59 70]
 [60 71]
 [61 72]
 [62 73]
 [63 74]
 [64 75]
 [65 76]
 [66 77]
 [67 78]
 [68 79]
 [69 80]
 [70 81]]",0.2,21,18426,/home/nfs/kkaminski/PLMBLST/ecod70db_20220902/18426.emb,50,61
0,72,0,6,28,"[[ 28 210]
 [ 29 211]
 [ 30 212]
 [ 31 213]
 [ 32 214]
 [ 33 215]
 [ 34 216]
 [ 35 217]
 [ 36 218]
 [ 37 219]
 [ 38 220]
 [ 39 221]
 [ 40 222]
 [ 41 223]
 [ 42 224]
 [ 43 225]
 [ 44 226]
 [ 45 227]
 [ 46 228]
 [ 47 229]
 [ 48 230]
 [ 49 231]]",0.16,22,18426,/home/nfs/kkaminski/PLMBLST/ecod70db_20220902/18426.emb,28,210
22,120,0,3,35,"[[  3 120]
 [  4 121]
 [  5 122]
 [  6 123]
 [  7 124]
 [  8 125]
 [  9 126]
 [ 10 127]
 [ 10 128]
 [ 10 129]
 [ 10 130]
 [ 11 131]
 [ 12 132]
 [ 13 133]
 [ 14 134]
 [ 15 135]
 [ 16 136]
 [ 17 137]
 [ 18 138]
 [ 19 139]
 [ 19 140]
 [ 19 141]
 [ 19 142]
 [ 19 143]
 [ 19 144]
 [ 20 145]
 [ 21 146]
 [ 22 147]
 [ 23 148]
 [ 24 149]
 [ 25 150]
 [ 26 151]]",0.14,32,18426,/home/nfs/kkaminski/PLMBLST/ecod70db_20220902/18426.emb,3,120
9,119,1,53,77,"[[ 44 177]
 [ 44 178]
 [ 45 179]
 [ 46 180]
 [ 47 181]
 [ 48 182]
 [ 49 183]
 [ 50 184]
 [ 51 185]
 [ 52 186]
 [ 53 187]
 [ 54 188]
 [ 55 189]
 [ 56 190]
 [ 57 191]
 [ 58 192]
 [ 59 193]
 [ 60 194]
 [ 61 195]
 [ 62 196]
 [ 63 197]
 [ 64 198]
 [ 65 199]
 [ 66 200]]",0.37,24,20216,/home/nfs/kkaminski/PLMBLST/ecod70db_20220902/20216.emb,44,177
27,204,0,39,65,"[[39 54]
 [40 55]
 [41 56]
 [42 57]
 [43 58]
 [44 59]
 [45 60]
 [46 61]
 [47 62]
 [48 63]
 [49 64]
 [50 65]
 [51 66]
 [52 67]
 [53 68]
 [54 69]
 [55 70]
 [56 71]
 [57 72]
 [58 73]
 [59 74]
 [60 75]
 [61 76]
 [62 77]
 [63 78]
 [64 79]]",0.36,26,20216,/home/nfs/kkaminski/PLMBLST/ecod70db_20220902/20216.emb,39,54
18,195,0,0,24,"[[ 0 22]
 [ 1 22]
 [ 1 23]
 [ 1 24]
 [ 1 25]
 [ 1 26]
 [ 2 26]
 [ 2 27]
 [ 3 27]
 [ 3 28]
 [ 4 28]
 [ 4 29]
 [ 4 30]
 [ 5 31]
 [ 6 32]
 [ 7 33]
 [ 8 34]
 [ 9 35]
 [10 36]
 [11 37]
 [12 38]
 [13 39]
 [14 40]
 [15 41]]",0.29,24,20216,/home/nfs/kkaminski/PLMBLST/ecod70db_20220902/20216.emb,0,22
6,118,0,1,21,"[[  1 125]
 [  1 126]
 [  1 127]
 [  1 128]
 [  1 129]
 [  1 130]
 [  1 131]
 [  1 132]
 [  1 133]
 [  2 134]
 [  3 135]
 [  4 136]
 [  5 137]
 [  6 138]
 [  7 139]
 [  8 140]
 [  9 141]
 [ 10 142]
 [ 11 143]
 [ 12 144]]",0.27,20,20216,/home/nfs/kkaminski/PLMBLST/ecod70db_20220902/20216.emb,1,125
26,203,0,27,52,"[[27 44]
 [28 45]
 [29 46]
 [30 47]
 [31 48]
 [32 49]
 [33 50]
 [34 51]
 [35 52]
 [36 53]
 [37 54]
 [38 55]
 [39 56]
 [40 57]
 [41 58]
 [42 59]
 [43 60]
 [44 61]
 [45 62]
 [46 63]
 [47 64]
 [48 65]
 [49 66]
 [50 67]
 [51 68]]",0.25,25,20216,/home/nfs/kkaminski/PLMBLST/ecod70db_20220902/20216.emb,27,44
23,200,0,25,47,"[[25 44]
 [26 45]
 [27 46]
 [28 47]
 [29 48]
 [30 49]
 [31 50]
 [32 51]
 [33 52]
 [34 53]
 [35 54]
 [36 55]
 [37 56]
 [38 57]
 [39 58]
 [40 59]
 [41 60]
 [42 61]
 [43 62]
 [44 63]
 [45 64]
 [46 65]]",0.23,22,20216,/home/nfs/kkaminski/PLMBLST/ecod70db_20220902/20216.emb,25,44
15,122,1,53,87,"[[ 45 177]
 [ 46 178]
 [ 47 179]
 [ 48 180]
 [ 49 181]
 [ 50 182]
 [ 51 183]
 [ 52 184]
 [ 53 185]
 [ 54 186]
 [ 55 187]
 [ 56 188]
 [ 57 189]
 [ 58 190]
 [ 59 191]
 [ 60 192]
 [ 61 193]
 [ 62 194]
 [ 63 195]
 [ 64 196]
 [ 65 197]
 [ 66 198]
 [ 67 199]
 [ 68 200]
 [ 69 201]
 [ 70 202]
 [ 71 203]
 [ 72 204]
 [ 73 205]
 [ 74 206]
 [ 75 207]
 [ 76 208]
 [ 77 209]
 [ 78 210]]",0.18,34,20216,/home/nfs/kkaminski/PLMBLST/ecod70db_20220902/20216.emb,45,177
54,203,0,8,48,"[[ 8 26]
 [ 9 27]
 [10 27]
 [10 28]
 [11 28]
 [11 29]
 [12 29]
 [12 30]
 [13 30]
 [13 31]
 [14 31]
 [14 32]
 [15 32]
 [15 33]
 [16 34]
 [17 35]
 [18 36]
 [19 37]
 [20 38]
 [21 39]
 [22 40]
 [23 41]
 [24 42]
 [25 43]
 [26 44]
 [27 45]
 [28 46]
 [29 47]
 [30 48]
 [31 49]
 [32 50]
 [33 51]
 [34 52]
 [35 53]
 [36 54]
 [37 55]
 [38 56]
 [39 57]
 [40 58]
 [41 59]]",0.36,40,20042,/home/nfs/kkaminski/PLMBLST/ecod70db_20220902/20042.emb,8,26
31,138,0,0,26,"[[  0 125]
 [  1 126]
 [  2 127]
 [  3 128]
 [  4 129]
 [  5 130]
 [  6 131]
 [  7 132]
 [  8 133]
 [  9 134]
 [ 10 135]
 [ 11 136]
 [ 12 137]
 [ 13 138]
 [ 14 139]
 [ 14 140]
 [ 15 140]
 [ 15 141]
 [ 16 142]
 [ 17 143]
 [ 18 144]
 [ 19 145]
 [ 20 146]
 [ 21 147]
 [ 22 148]
 [ 23 149]]",0.29,26,20042,/home/nfs/kkaminski/PLMBLST/ecod70db_20220902/20042.emb,0,125
26,135,1,83,120,"[[ 78 205]
 [ 79 206]
 [ 80 207]
 [ 81 208]
 [ 82 209]
 [ 83 210]
 [ 84 211]
 [ 85 212]
 [ 86 213]
 [ 87 214]
 [ 88 215]
 [ 89 216]
 [ 90 217]
 [ 91 218]
 [ 92 219]
 [ 93 220]
 [ 94 221]
 [ 95 222]
 [ 96 223]
 [ 97 224]
 [ 98 225]
 [ 99 226]
 [100 227]
 [101 228]
 [102 229]
 [103 230]
 [104 231]
 [105 232]
 [106 233]
 [107 234]
 [108 235]
 [109 236]
 [110 237]
 [111 238]
 [112 239]
 [113 240]
 [114 241]]",0.29,37,20042,/home/nfs/kkaminski/PLMBLST/ecod70db_20220902/20042.emb,78,205
20,132,1,76,104,"[[ 69 198]
 [ 70 199]
 [ 71 200]
 [ 72 201]
 [ 73 202]
 [ 74 203]
 [ 75 204]
 [ 76 205]
 [ 77 206]
 [ 78 207]
 [ 79 208]
 [ 80 209]
 [ 81 210]
 [ 82 211]
 [ 83 212]
 [ 84 213]
 [ 85 214]
 [ 86 215]
 [ 87 216]
 [ 88 217]
 [ 89 218]
 [ 90 219]
 [ 91 220]
 [ 92 221]
 [ 93 222]
 [ 94 223]
 [ 95 224]
 [ 96 225]]",0.28,28,20042,/home/nfs/kkaminski/PLMBLST/ecod70db_20220902/20042.emb,69,198
63,209,0,62,133,"[[ 44  56]
 [ 45  57]
 [ 46  58]
 [ 47  59]
 [ 48  60]
 [ 49  61]
 [ 50  62]
 [ 51  63]
 [ 52  64]
 [ 53  65]
 [ 54  66]
 [ 55  67]
 [ 56  68]
 [ 57  69]
 [ 58  70]
 [ 59  71]
 [ 60  72]
 [ 61  73]
 [ 62  74]
 [ 63  75]
 [ 64  76]
 [ 65  77]
 [ 66  78]
 [ 67  79]
 [ 68  80]
 [ 69  81]
 [ 70  82]
 [ 71  83]
 [ 72  84]
 [ 73  85]
 [ 74  86]
 [ 75  87]
 [ 76  88]
 [ 77  89]
 [ 78  90]
 [ 79  91]
 [ 80  92]
 [ 81  93]
 [ 82  94]
 [ 83  95]
 [ 84  96]
 [ 85  97]
 [ 86  98]
 [ 87  99]
 [ 88 100]
 [ 89 101]
 [ 90 102]
 [ 91 103]
 [ 92 104]
 [ 93 105]
 [ 94 106]
 [ 95 107]
 [ 96 108]
 [ 97 109]
 [ 98 110]
 [ 99 111]
 [100 112]
 [101 113]
 [102 114]
 [103 115]
 [104 116]
 [105 117]
 [106 118]
 [107 119]
 [108 120]
 [109 121]
 [110 122]
 [111 123]
 [112 124]
 [113 125]
 [114 126]]",0.26,71,20042,/home/nfs/kkaminski/PLMBLST/ecod70db_20220902/20042.emb,44,56
58,206,1,89,134,"[[ 71  85]
 [ 72  86]
 [ 73  87]
 [ 74  88]
 [ 75  89]
 [ 76  90]
 [ 77  91]
 [ 78  92]
 [ 79  93]
 [ 80  94]
 [ 81  95]
 [ 82  96]
 [ 83  97]
 [ 84  98]
 [ 85  99]
 [ 86 100]
 [ 87 101]
 [ 88 102]
 [ 89 103]
 [ 90 104]
 [ 91 105]
 [ 92 106]
 [ 93 107]
 [ 94 108]
 [ 95 109]
 [ 96 110]
 [ 97 111]
 [ 98 112]
 [ 99 113]
 [100 114]
 [101 115]
 [102 116]
 [103 117]
 [104 118]
 [105 119]
 [106 120]
 [107 121]
 [108 122]
 [109 123]
 [110 124]
 [111 125]
 [112 126]
 [113 127]
 [114 128]
 [115 129]]",0.26,45,20042,/home/nfs/kkaminski/PLMBLST/ecod70db_20220902/20042.emb,71,85
45,169,0,20,40,"[[ 86 151]
 [ 87 152]
 [ 88 153]
 [ 89 154]
 [ 90 155]
 [ 91 156]
 [ 92 157]
 [ 93 158]
 [ 94 159]
 [ 95 160]
 [ 96 161]
 [ 97 162]
 [ 98 163]
 [ 99 164]
 [100 165]
 [101 166]
 [102 167]
 [103 168]
 [104 169]
 [105 170]]",0.24,20,20042,/home/nfs/kkaminski/PLMBLST/ecod70db_20220902/20042.emb,86,151
61,208,0,48,76,"[[30 44]
 [31 45]
 [32 46]
 [33 47]
 [34 48]
 [35 49]
 [36 50]
 [37 51]
 [38 52]
 [39 53]
 [40 54]
 [41 55]
 [42 56]
 [43 57]
 [44 58]
 [45 59]
 [46 60]
 [47 61]
 [48 62]
 [49 63]
 [50 64]
 [51 65]
 [52 66]
 [53 67]
 [54 68]
 [55 69]
 [56 70]
 [57 71]]",0.23,28,20042,/home/nfs/kkaminski/PLMBLST/ecod70db_20220902/20042.emb,30,44
4,101,0,7,28,"[[ 40 211]
 [ 41 212]
 [ 42 213]
 [ 43 214]
 [ 44 215]
 [ 45 216]
 [ 46 217]
 [ 47 218]
 [ 48 219]
 [ 49 220]
 [ 50 221]
 [ 51 222]
 [ 52 223]
 [ 53 224]
 [ 54 225]
 [ 55 226]
 [ 56 227]
 [ 57 228]
 [ 58 229]
 [ 59 230]
 [ 60 231]]",0.23,21,20042,/home/nfs/kkaminski/PLMBLST/ecod70db_20220902/20042.emb,40,211
36,140,1,93,117,"[[ 90 215]
 [ 91 216]
 [ 92 217]
 [ 93 218]
 [ 94 219]
 [ 95 220]
 [ 96 221]
 [ 97 222]
 [ 98 223]
 [ 99 224]
 [100 225]
 [101 226]
 [102 227]
 [103 228]
 [104 229]
 [105 230]
 [106 231]
 [107 232]
 [108 233]
 [109 234]
 [110 235]
 [111 236]
 [112 237]
 [113 237]]",0.21,24,20042,/home/nfs/kkaminski/PLMBLST/ecod70db_20220902/20042.emb,90,215
41,164,0,32,55,"[[ 32 104]
 [ 33 105]
 [ 34 106]
 [ 35 107]
 [ 36 108]
 [ 37 109]
 [ 38 110]
 [ 39 111]
 [ 40 112]
 [ 41 113]
 [ 42 114]
 [ 43 115]
 [ 44 116]
 [ 45 117]
 [ 46 118]
 [ 47 119]
 [ 48 120]
 [ 49 121]
 [ 50 122]
 [ 51 123]
 [ 52 124]
 [ 53 125]
 [ 54 126]]",0.19,23,20042,/home/nfs/kkaminski/PLMBLST/ecod70db_20220902/20042.emb,32,104
47,172,0,49,73,"[[ 47 103]
 [ 48 104]
 [ 49 105]
 [ 50 106]
 [ 51 107]
 [ 52 108]
 [ 53 109]
 [ 54 110]
 [ 55 111]
 [ 56 112]
 [ 57 113]
 [ 58 114]
 [ 59 115]
 [ 60 116]
 [ 61 117]
 [ 62 118]
 [ 63 119]
 [ 64 120]
 [ 65 121]
 [ 66 122]
 [ 67 123]
 [ 68 124]
 [ 69 125]
 [ 70 126]]",0.19,24,20042,/home/nfs/kkaminski/PLMBLST/ecod70db_20220902/20042.emb,47,103
6,125,1,58,79,"[[ 47 180]
 [ 48 181]
 [ 49 182]
 [ 50 183]
 [ 51 184]
 [ 52 185]
 [ 53 186]
 [ 54 187]
 [ 55 188]
 [ 56 189]
 [ 57 190]
 [ 58 191]
 [ 59 192]
 [ 60 193]
 [ 61 194]
 [ 62 195]
 [ 62 196]
 [ 62 197]
 [ 62 198]
 [ 62 199]
 [ 63 200]]",0.19,21,20042,/home/nfs/kkaminski/PLMBLST/ecod70db_20220902/20042.emb,47,180
18,131,1,57,79,"[[ 52 179]
 [ 52 180]
 [ 52 181]
 [ 52 182]
 [ 52 183]
 [ 53 184]
 [ 54 185]
 [ 55 186]
 [ 56 187]
 [ 57 188]
 [ 58 189]
 [ 59 190]
 [ 60 191]
 [ 61 192]
 [ 62 193]
 [ 63 194]
 [ 64 195]
 [ 65 196]
 [ 66 197]
 [ 67 198]
 [ 68 199]
 [ 69 200]]",0.19,22,20042,/home/nfs/kkaminski/PLMBLST/ecod70db_20220902/20042.emb,52,179
46,171,0,38,58,"[[ 46 104]
 [ 47 105]
 [ 48 106]
 [ 49 107]
 [ 50 108]
 [ 51 109]
 [ 52 110]
 [ 53 111]
 [ 54 112]
 [ 55 113]
 [ 56 114]
 [ 57 115]
 [ 58 116]
 [ 59 117]
 [ 60 118]
 [ 61 119]
 [ 62 120]
 [ 63 121]
 [ 64 122]
 [ 65 123]]",0.18,20,20042,/home/nfs/kkaminski/PLMBLST/ecod70db_20220902/20042.emb,46,104
39,144,0,64,84,"[[ 64 181]
 [ 65 182]
 [ 66 183]
 [ 67 184]
 [ 68 185]
 [ 69 186]
 [ 70 187]
 [ 71 188]
 [ 72 189]
 [ 73 190]
 [ 74 191]
 [ 75 192]
 [ 76 193]
 [ 77 194]
 [ 78 195]
 [ 79 196]
 [ 80 197]
 [ 81 198]
 [ 82 199]
 [ 83 200]]",0.16,20,20042,/home/nfs/kkaminski/PLMBLST/ecod70db_20220902/20042.emb,64,181
53,190,1,110,135,"[[ 91 106]
 [ 92 107]
 [ 93 108]
 [ 94 109]
 [ 95 110]
 [ 96 111]
 [ 97 112]
 [ 98 113]
 [ 99 114]
 [100 115]
 [101 116]
 [102 117]
 [103 118]
 [104 119]
 [105 120]
 [106 121]
 [107 122]
 [108 123]
 [109 124]
 [110 125]
 [111 126]
 [112 127]
 [113 128]
 [114 129]
 [115 130]]",0.38,25,20357,/home/nfs/kkaminski/PLMBLST/ecod70db_20220902/20357.emb,91,106
5,98,0,42,63,"[[ 34 177]
 [ 35 178]
 [ 36 179]
 [ 37 180]
 [ 38 181]
 [ 39 182]
 [ 40 183]
 [ 41 184]
 [ 42 185]
 [ 43 186]
 [ 44 187]
 [ 45 188]
 [ 46 189]
 [ 47 190]
 [ 48 191]
 [ 49 192]
 [ 50 193]
 [ 51 194]
 [ 52 195]
 [ 53 196]
 [ 54 197]]",0.37,21,20357,/home/nfs/kkaminski/PLMBLST/ecod70db_20220902/20357.emb,34,177
33,178,0,0,21,"[[ 0 32]
 [ 1 32]
 [ 2 33]
 [ 3 34]
 [ 4 35]
 [ 5 36]
 [ 6 37]
 [ 7 38]
 [ 8 39]
 [ 9 40]
 [10 41]
 [11 42]
 [12 43]
 [13 44]
 [14 45]
 [15 46]
 [16 47]
 [17 48]
 [18 49]
 [19 49]
 [20 49]]",0.36,21,20357,/home/nfs/kkaminski/PLMBLST/ecod70db_20220902/20357.emb,0,32
13,104,0,0,35,"[[  0 136]
 [  1 136]
 [  1 137]
 [  1 138]
 [  1 139]
 [  1 140]
 [  2 141]
 [  3 142]
 [  4 143]
 [  5 144]
 [  6 145]
 [  7 146]
 [  8 147]
 [  9 148]
 [ 10 149]
 [ 11 150]
 [ 12 151]
 [ 13 152]
 [ 14 152]
 [ 15 152]
 [ 15 153]
 [ 16 153]
 [ 17 154]
 [ 18 155]
 [ 19 156]
 [ 20 157]
 [ 21 158]
 [ 22 159]
 [ 23 160]
 [ 24 161]
 [ 25 162]
 [ 26 163]
 [ 27 164]
 [ 28 165]
 [ 29 166]]",0.32,35,20357,/home/nfs/kkaminski/PLMBLST/ecod70db_20220902/20357.emb,0,136
39,182,0,31,52,"[[30 54]
 [31 55]
 [32 56]
 [33 57]
 [34 58]
 [35 59]
 [36 60]
 [37 61]
 [38 62]
 [39 63]
 [40 64]
 [41 65]
 [42 66]
 [43 67]
 [44 68]
 [45 69]
 [46 70]
 [47 71]
 [48 72]
 [49 73]
 [50 74]]",0.31,21,20357,/home/nfs/kkaminski/PLMBLST/ecod70db_20220902/20357.emb,30,54
59,193,1,108,133,"[[ 91 104]
 [ 92 105]
 [ 93 106]
 [ 94 107]
 [ 95 108]
 [ 96 109]
 [ 97 110]
 [ 98 111]
 [ 99 112]
 [100 113]
 [101 114]
 [102 115]
 [103 116]
 [104 117]
 [105 118]
 [106 119]
 [107 120]
 [108 121]
 [109 122]
 [110 123]
 [111 124]
 [112 125]
 [113 126]
 [114 127]
 [115 128]]",0.31,25,20357,/home/nfs/kkaminski/PLMBLST/ecod70db_20220902/20357.emb,91,104
18,112,0,64,118,"[[ 64 195]
 [ 65 196]
 [ 66 197]
 [ 67 198]
 [ 68 199]
 [ 69 200]
 [ 70 201]
 [ 71 202]
 [ 72 203]
 [ 73 204]
 [ 74 205]
 [ 75 206]
 [ 76 207]
 [ 77 208]
 [ 78 209]
 [ 79 210]
 [ 80 211]
 [ 81 212]
 [ 82 213]
 [ 83 213]
 [ 84 213]
 [ 85 214]
 [ 86 215]
 [ 87 216]
 [ 88 216]
 [ 89 217]
 [ 90 218]
 [ 91 219]
 [ 92 220]
 [ 93 221]
 [ 94 222]
 [ 95 223]
 [ 96 224]
 [ 97 225]
 [ 98 226]
 [ 99 227]
 [100 228]
 [101 229]
 [102 230]
 [103 231]
 [104 232]
 [105 233]
 [106 234]
 [107 235]
 [108 236]
 [109 237]
 [110 238]
 [111 239]
 [112 240]
 [113 241]
 [114 242]
 [115 243]
 [116 244]
 [116 245]]",0.25,54,20357,/home/nfs/kkaminski/PLMBLST/ecod70db_20220902/20357.emb,64,195
34,178,1,23,45,"[[23 49]
 [24 50]
 [25 51]
 [26 52]
 [27 53]
 [28 54]
 [29 55]
 [30 56]
 [31 57]
 [32 58]
 [33 59]
 [34 60]
 [35 61]
 [36 62]
 [37 63]
 [38 64]
 [39 65]
 [40 66]
 [41 67]
 [42 68]
 [43 69]
 [44 70]]",0.24,22,20357,/home/nfs/kkaminski/PLMBLST/ecod70db_20220902/20357.emb,23,49
46,187,0,68,106,"[[ 51  65]
 [ 52  66]
 [ 53  67]
 [ 54  68]
 [ 55  69]
 [ 56  70]
 [ 57  71]
 [ 58  72]
 [ 59  73]
 [ 60  74]
 [ 61  75]
 [ 62  76]
 [ 63  77]
 [ 64  78]
 [ 65  79]
 [ 66  80]
 [ 67  81]
 [ 68  82]
 [ 69  83]
 [ 70  84]
 [ 71  85]
 [ 72  86]
 [ 73  87]
 [ 74  88]
 [ 75  89]
 [ 76  90]
 [ 77  91]
 [ 78  92]
 [ 79  93]
 [ 80  94]
 [ 81  95]
 [ 82  96]
 [ 83  97]
 [ 84  98]
 [ 85  99]
 [ 86 100]
 [ 87 101]
 [ 88 102]]",0.2,38,20357,/home/nfs/kkaminski/PLMBLST/ecod70db_20220902/20357.emb,51,65
32,127,0,29,63,"[[ 28 149]
 [ 29 150]
 [ 30 151]
 [ 31 152]
 [ 32 153]
 [ 33 154]
 [ 34 155]
 [ 35 156]
 [ 36 157]
 [ 37 158]
 [ 38 159]
 [ 39 160]
 [ 40 161]
 [ 41 162]
 [ 42 163]
 [ 43 164]
 [ 44 165]
 [ 45 166]
 [ 46 167]
 [ 47 168]
 [ 48 169]
 [ 49 170]
 [ 50 171]
 [ 51 172]
 [ 52 173]
 [ 53 174]
 [ 54 175]
 [ 55 176]
 [ 56 177]
 [ 57 178]
 [ 58 179]
 [ 59 180]
 [ 60 181]
 [ 61 182]]",0.18,34,20357,/home/nfs/kkaminski/PLMBLST/ecod70db_20220902/20357.emb,28,149
9,101,1,45,66,"[[ 36 177]
 [ 37 178]
 [ 38 179]
 [ 39 180]
 [ 40 181]
 [ 41 182]
 [ 42 183]
 [ 43 184]
 [ 44 185]
 [ 45 186]
 [ 46 187]
 [ 47 188]
 [ 48 189]
 [ 49 190]
 [ 50 191]
 [ 51 192]
 [ 52 193]
 [ 53 194]
 [ 54 195]
 [ 55 196]
 [ 56 197]]",0.16,21,20357,/home/nfs/kkaminski/PLMBLST/ecod70db_20220902/20357.emb,36,177
12,104,0,75,126,"[[ 75 191]
 [ 76 192]
 [ 77 193]
 [ 78 194]
 [ 79 195]
 [ 80 196]
 [ 81 197]
 [ 82 198]
 [ 83 199]
 [ 84 200]
 [ 85 201]
 [ 86 202]
 [ 87 203]
 [ 88 204]
 [ 89 205]
 [ 90 206]
 [ 91 207]
 [ 92 208]
 [ 93 209]
 [ 94 210]
 [ 95 211]
 [ 96 212]
 [ 97 213]
 [ 98 214]
 [ 99 215]
 [100 216]
 [101 217]
 [102 218]
 [103 219]
 [104 220]
 [105 221]
 [106 222]
 [107 223]
 [108 224]
 [109 225]
 [110 226]
 [111 227]
 [112 228]
 [113 229]
 [114 230]
 [115 231]
 [116 232]
 [117 233]
 [118 234]
 [119 235]
 [120 236]
 [121 237]
 [122 238]
 [123 239]
 [124 240]
 [125 241]]",0.37,51,23943,/home/nfs/kkaminski/PLMBLST/ecod70db_20220902/23943.emb,75,191
37,185,0,71,131,"[[ 71  70]
 [ 72  71]
 [ 73  72]
 [ 74  73]
 [ 75  74]
 [ 76  75]
 [ 77  76]
 [ 78  76]
 [ 79  77]
 [ 80  78]
 [ 81  79]
 [ 82  80]
 [ 83  81]
 [ 84  82]
 [ 85  83]
 [ 86  84]
 [ 87  85]
 [ 88  86]
 [ 89  87]
 [ 90  88]
 [ 90  89]
 [ 90  90]
 [ 90  91]
 [ 90  92]
 [ 90  93]
 [ 91  94]
 [ 92  95]
 [ 93  96]
 [ 94  97]
 [ 95  98]
 [ 96  99]
 [ 97 100]
 [ 98 101]
 [ 99 102]
 [100 103]
 [101 104]
 [102 105]
 [103 106]
 [104 107]
 [105 108]
 [106 109]
 [107 110]
 [108 111]
 [109 112]
 [110 113]
 [111 114]
 [112 115]
 [113 116]
 [114 117]
 [115 118]
 [116 119]
 [117 120]
 [118 121]
 [119 122]
 [120 123]
 [121 124]
 [122 125]
 [123 126]
 [124 127]
 [125 128]]",0.29,60,23943,/home/nfs/kkaminski/PLMBLST/ecod70db_20220902/23943.emb,71,70
10,103,0,19,50,"[[ 18 138]
 [ 19 139]
 [ 20 140]
 [ 21 141]
 [ 22 142]
 [ 23 143]
 [ 24 144]
 [ 25 145]
 [ 26 146]
 [ 27 147]
 [ 28 148]
 [ 29 149]
 [ 30 150]
 [ 31 151]
 [ 32 152]
 [ 33 153]
 [ 34 154]
 [ 35 155]
 [ 36 156]
 [ 37 157]
 [ 38 158]
 [ 39 159]
 [ 40 160]
 [ 41 161]
 [ 42 162]
 [ 43 163]
 [ 44 164]
 [ 45 165]
 [ 46 166]
 [ 47 167]
 [ 48 168]]",0.26,31,23943,/home/nfs/kkaminski/PLMBLST/ecod70db_20220902/23943.emb,18,138
1,93,0,53,74,"[[ 43 171]
 [ 44 172]
 [ 45 173]
 [ 46 174]
 [ 47 175]
 [ 48 176]
 [ 49 177]
 [ 50 178]
 [ 51 179]
 [ 52 180]
 [ 53 181]
 [ 54 182]
 [ 55 183]
 [ 56 184]
 [ 57 185]
 [ 58 186]
 [ 59 187]
 [ 60 188]
 [ 61 189]
 [ 62 190]
 [ 63 191]]",0.25,21,23943,/home/nfs/kkaminski/PLMBLST/ecod70db_20220902/23943.emb,43,171
34,178,0,17,52,"[[23 36]
 [24 37]
 [25 38]
 [26 39]
 [27 40]
 [28 41]
 [29 42]
 [30 43]
 [31 44]
 [32 45]
 [33 46]
 [34 47]
 [35 48]
 [36 49]
 [37 49]
 [38 49]
 [39 50]
 [40 51]
 [41 52]
 [42 53]
 [43 54]
 [44 55]
 [45 56]
 [46 57]
 [47 58]
 [48 59]
 [49 60]
 [50 61]
 [51 62]
 [52 63]
 [53 64]
 [54 65]
 [55 66]
 [56 67]
 [57 68]]",0.23,35,23943,/home/nfs/kkaminski/PLMBLST/ecod70db_20220902/23943.emb,23,36
15,107,0,77,131,"[[ 71 185]
 [ 72 186]
 [ 73 187]
 [ 74 188]
 [ 75 189]
 [ 76 190]
 [ 77 191]
 [ 78 192]
 [ 79 193]
 [ 80 194]
 [ 81 195]
 [ 82 196]
 [ 83 197]
 [ 84 198]
 [ 85 199]
 [ 86 200]
 [ 87 201]
 [ 88 202]
 [ 89 203]
 [ 90 204]
 [ 91 205]
 [ 92 206]
 [ 93 207]
 [ 94 208]
 [ 95 209]
 [ 96 210]
 [ 97 211]
 [ 98 212]
 [ 99 213]
 [100 214]
 [101 215]
 [102 216]
 [103 217]
 [104 218]
 [105 219]
 [106 220]
 [107 221]
 [108 222]
 [109 223]
 [110 224]
 [111 225]
 [112 226]
 [113 227]
 [114 228]
 [115 229]
 [116 230]
 [117 231]
 [118 232]
 [119 233]
 [120 234]
 [121 235]
 [122 236]
 [123 237]
 [124 238]]",0.2,54,23943,/home/nfs/kkaminski/PLMBLST/ecod70db_20220902/23943.emb,71,185
5,99,0,34,65,"[[ 23 146]
 [ 24 147]
 [ 25 148]
 [ 26 149]
 [ 27 150]
 [ 28 151]
 [ 29 152]
 [ 30 153]
 [ 31 154]
 [ 32 155]
 [ 33 155]
 [ 34 156]
 [ 35 157]
 [ 36 158]
 [ 37 159]
 [ 38 160]
 [ 39 161]
 [ 40 162]
 [ 41 163]
 [ 42 164]
 [ 43 165]
 [ 44 166]
 [ 45 167]
 [ 46 168]
 [ 47 169]
 [ 48 170]
 [ 49 171]
 [ 50 172]
 [ 51 173]
 [ 52 174]
 [ 53 175]]",0.19,31,23943,/home/nfs/kkaminski/PLMBLST/ecod70db_20220902/23943.emb,23,146
35,183,0,91,117,"[[ 97 102]
 [ 98 103]
 [ 99 104]
 [100 105]
 [101 106]
 [102 107]
 [103 108]
 [104 109]
 [105 110]
 [106 111]
 [107 112]
 [108 113]
 [109 114]
 [110 115]
 [111 116]
 [112 117]
 [113 118]
 [114 119]
 [115 120]
 [116 121]
 [117 122]
 [118 123]
 [119 124]
 [120 125]
 [121 126]
 [122 127]]",0.18,26,23943,/home/nfs/kkaminski/PLMBLST/ecod70db_20220902/23943.emb,97,102
22,135,0,24,66,"[[ 22  92]
 [ 23  93]
 [ 24  94]
 [ 25  95]
 [ 26  96]
 [ 27  97]
 [ 28  98]
 [ 29  99]
 [ 30 100]
 [ 31 101]
 [ 32 102]
 [ 33 103]
 [ 34 103]
 [ 34 104]
 [ 35 104]
 [ 36 105]
 [ 37 106]
 [ 38 107]
 [ 39 108]
 [ 40 109]
 [ 41 110]
 [ 42 111]
 [ 43 112]
 [ 44 113]
 [ 45 114]
 [ 46 115]
 [ 47 116]
 [ 48 117]
 [ 49 118]
 [ 50 119]
 [ 51 120]
 [ 52 121]
 [ 53 122]
 [ 54 123]
 [ 55 124]
 [ 56 125]
 [ 57 126]
 [ 58 127]
 [ 59 128]
 [ 60 129]
 [ 61 130]
 [ 62 131]]",0.16,42,23943,/home/nfs/kkaminski/PLMBLST/ecod70db_20220902/23943.emb,22,92
28,141,0,34,64,"[[ 39 106]
 [ 40 107]
 [ 41 108]
 [ 42 109]
 [ 43 110]
 [ 44 111]
 [ 45 112]
 [ 46 113]
 [ 47 114]
 [ 48 115]
 [ 49 116]
 [ 50 117]
 [ 51 118]
 [ 52 119]
 [ 53 120]
 [ 54 121]
 [ 55 122]
 [ 56 123]
 [ 57 124]
 [ 58 125]
 [ 59 126]
 [ 60 127]
 [ 61 128]
 [ 62 129]
 [ 63 130]
 [ 64 131]
 [ 65 132]
 [ 66 133]
 [ 67 134]
 [ 68 135]]",0.16,30,23943,/home/nfs/kkaminski/PLMBLST/ecod70db_20220902/23943.emb,39,106
9,102,1,68,119,"[[ 67 187]
 [ 68 188]
 [ 69 189]
 [ 70 190]
 [ 71 191]
 [ 72 192]
 [ 73 193]
 [ 74 194]
 [ 75 195]
 [ 76 196]
 [ 77 197]
 [ 78 198]
 [ 79 199]
 [ 80 200]
 [ 81 201]
 [ 82 201]
 [ 83 201]
 [ 84 202]
 [ 85 203]
 [ 86 204]
 [ 87 205]
 [ 88 206]
 [ 89 207]
 [ 90 208]
 [ 91 209]
 [ 92 210]
 [ 93 211]
 [ 94 212]
 [ 95 213]
 [ 96 214]
 [ 97 215]
 [ 98 216]
 [ 99 217]
 [100 218]
 [101 219]
 [102 220]
 [103 221]
 [104 222]
 [105 223]
 [106 224]
 [107 225]
 [108 226]
 [109 227]
 [110 228]
 [111 229]
 [112 230]
 [113 231]
 [114 232]
 [115 233]
 [116 234]
 [117 235]]",0.16,51,23943,/home/nfs/kkaminski/PLMBLST/ecod70db_20220902/23943.emb,67,187
35,159,1,115,151,"[[113 212]
 [114 213]
 [115 214]
 [116 215]
 [117 216]
 [118 217]
 [119 218]
 [120 219]
 [121 220]
 [122 221]
 [123 222]
 [124 223]
 [125 224]
 [126 225]
 [127 226]
 [128 227]
 [129 228]
 [130 229]
 [131 230]
 [132 231]
 [133 232]
 [134 233]
 [135 234]
 [136 235]
 [137 235]
 [138 235]
 [139 236]
 [140 237]
 [141 238]
 [142 239]
 [143 240]
 [144 241]
 [145 242]
 [146 243]
 [147 244]
 [148 245]]",0.39,36,31279,/home/nfs/kkaminski/PLMBLST/ecod70db_20220902/31279.emb,113,212
65,248,0,73,93,"[[ 92  73]
 [ 93  74]
 [ 94  75]
 [ 95  76]
 [ 96  77]
 [ 97  78]
 [ 98  79]
 [ 99  80]
 [100  81]
 [101  82]
 [102  83]
 [103  84]
 [104  85]
 [105  86]
 [106  87]
 [107  88]
 [108  89]
 [109  90]
 [110  91]
 [111  92]]",0.24,20,31279,/home/nfs/kkaminski/PLMBLST/ecod70db_20220902/31279.emb,92,73
58,235,0,43,73,"[[43 38]
 [44 39]
 [45 40]
 [46 41]
 [47 42]
 [48 43]
 [49 44]
 [50 45]
 [51 46]
 [52 47]
 [53 48]
 [54 49]
 [55 50]
 [56 51]
 [57 52]
 [58 52]
 [59 52]
 [60 53]
 [61 54]
 [62 55]
 [63 56]
 [64 57]
 [65 58]
 [66 59]
 [67 60]
 [68 61]
 [69 62]
 [70 63]
 [71 64]
 [72 65]]",0.23,30,31279,/home/nfs/kkaminski/PLMBLST/ecod70db_20220902/31279.emb,43,38
59,241,0,103,123,"[[112 100]
 [113 100]
 [114 101]
 [115 102]
 [116 103]
 [117 103]
 [118 104]
 [119 105]
 [120 106]
 [121 107]
 [122 108]
 [123 109]
 [124 110]
 [125 111]
 [126 112]
 [127 113]
 [128 114]
 [129 115]
 [130 116]
 [131 117]]",0.22,20,31279,/home/nfs/kkaminski/PLMBLST/ecod70db_20220902/31279.emb,112,100
34,159,0,43,87,"[[ 41 143]
 [ 42 144]
 [ 43 145]
 [ 44 146]
 [ 45 147]
 [ 46 148]
 [ 47 149]
 [ 48 150]
 [ 49 151]
 [ 50 152]
 [ 51 153]
 [ 52 154]
 [ 53 155]
 [ 54 156]
 [ 55 157]
 [ 56 158]
 [ 57 159]
 [ 58 160]
 [ 59 161]
 [ 60 162]
 [ 61 163]
 [ 62 164]
 [ 63 165]
 [ 64 166]
 [ 65 167]
 [ 66 168]
 [ 67 169]
 [ 68 170]
 [ 69 171]
 [ 70 172]
 [ 71 173]
 [ 72 174]
 [ 73 175]
 [ 74 176]
 [ 75 177]
 [ 76 178]
 [ 77 179]
 [ 78 180]
 [ 79 181]
 [ 80 182]
 [ 81 183]
 [ 82 184]
 [ 83 185]
 [ 84 186]]",0.2,44,31279,/home/nfs/kkaminski/PLMBLST/ecod70db_20220902/31279.emb,41,143
66,249,0,73,96,"[[ 92  71]
 [ 93  72]
 [ 94  73]
 [ 95  74]
 [ 96  75]
 [ 97  76]
 [ 98  77]
 [ 99  78]
 [100  79]
 [101  80]
 [102  81]
 [103  82]
 [104  83]
 [105  84]
 [106  85]
 [107  86]
 [108  87]
 [109  88]
 [110  89]
 [111  90]
 [112  91]
 [113  92]
 [114  93]]",0.19,23,31279,/home/nfs/kkaminski/PLMBLST/ecod70db_20220902/31279.emb,92,71
41,190,0,75,95,"[[ 92 143]
 [ 93 144]
 [ 94 145]
 [ 95 146]
 [ 96 147]
 [ 97 148]
 [ 98 149]
 [ 99 150]
 [100 151]
 [101 152]
 [102 153]
 [103 154]
 [104 155]
 [105 156]
 [106 157]
 [107 158]
 [108 159]
 [109 160]
 [110 161]
 [111 162]]",0.19,20,31279,/home/nfs/kkaminski/PLMBLST/ecod70db_20220902/31279.emb,92,143
38,161,0,124,151,"[[121 216]
 [122 217]
 [123 218]
 [124 219]
 [125 220]
 [126 221]
 [127 222]
 [128 223]
 [129 224]
 [130 225]
 [131 226]
 [132 227]
 [133 228]
 [134 229]
 [135 230]
 [136 231]
 [137 232]
 [138 233]
 [139 234]
 [140 235]
 [141 236]
 [142 237]
 [143 238]
 [144 239]
 [145 240]
 [146 241]
 [147 242]]",0.18,27,31279,/home/nfs/kkaminski/PLMBLST/ecod70db_20220902/31279.emb,121,216
20,148,0,68,94,"[[ 68 174]
 [ 69 175]
 [ 70 176]
 [ 71 177]
 [ 72 178]
 [ 73 179]
 [ 74 180]
 [ 75 181]
 [ 76 182]
 [ 77 183]
 [ 78 184]
 [ 79 185]
 [ 80 186]
 [ 81 187]
 [ 82 188]
 [ 83 189]
 [ 84 190]
 [ 85 191]
 [ 86 192]
 [ 87 193]
 [ 88 194]
 [ 89 195]
 [ 90 196]
 [ 91 197]
 [ 92 198]
 [ 93 199]]",0.15,26,31279,/home/nfs/kkaminski/PLMBLST/ecod70db_20220902/31279.emb,68,174
47,210,0,3,24,"[[ 2 21]
 [ 3 22]
 [ 4 23]
 [ 5 24]
 [ 6 25]
 [ 7 26]
 [ 8 27]
 [ 9 28]
 [10 29]
 [11 30]
 [12 31]
 [13 32]
 [14 33]
 [15 34]
 [16 35]
 [17 36]
 [18 37]
 [19 38]
 [20 39]
 [21 40]
 [22 41]]",0.14,21,31279,/home/nfs/kkaminski/PLMBLST/ecod70db_20220902/31279.emb,2,21
2,108,0,47,79,"[[ 46 196]
 [ 47 197]
 [ 48 198]
 [ 49 199]
 [ 50 200]
 [ 51 201]
 [ 52 202]
 [ 53 203]
 [ 54 204]
 [ 55 205]
 [ 56 206]
 [ 57 207]
 [ 58 208]
 [ 59 209]
 [ 60 210]
 [ 61 211]
 [ 62 212]
 [ 63 213]
 [ 64 213]
 [ 65 213]
 [ 66 214]
 [ 67 215]
 [ 68 216]
 [ 69 217]
 [ 70 218]
 [ 71 219]
 [ 72 220]
 [ 73 221]
 [ 74 222]
 [ 75 223]
 [ 76 224]
 [ 77 225]]",0.14,32,31279,/home/nfs/kkaminski/PLMBLST/ecod70db_20220902/31279.emb,46,196
16,144,0,64,84,"[[ 64 174]
 [ 65 175]
 [ 66 176]
 [ 67 177]
 [ 68 178]
 [ 69 179]
 [ 70 180]
 [ 71 181]
 [ 72 182]
 [ 73 183]
 [ 74 184]
 [ 75 185]
 [ 76 186]
 [ 77 187]
 [ 78 188]
 [ 79 189]
 [ 80 190]
 [ 81 191]
 [ 82 192]
 [ 83 193]]",0.14,20,31279,/home/nfs/kkaminski/PLMBLST/ecod70db_20220902/31279.emb,64,174
46,209,0,0,20,"[[ 0 23]
 [ 1 24]
 [ 2 25]
 [ 3 26]
 [ 4 27]
 [ 5 28]
 [ 6 29]
 [ 7 30]
 [ 8 31]
 [ 9 32]
 [10 33]
 [11 34]
 [12 35]
 [13 36]
 [14 37]
 [15 38]
 [16 39]
 [17 40]
 [18 41]
 [19 42]]",0.13,20,31279,/home/nfs/kkaminski/PLMBLST/ecod70db_20220902/31279.emb,0,23
5,41,0,0,45,"[[  0 244]
 [  1 245]
 [  2 246]
 [  3 247]
 [  4 248]
 [  5 249]
 [  6 250]
 [  7 251]
 [  8 252]
 [  9 253]
 [ 10 254]
 [ 11 255]
 [ 12 256]
 [ 13 257]
 [ 14 258]
 [ 15 259]
 [ 16 260]
 [ 17 261]
 [ 18 262]
 [ 19 263]
 [ 20 264]
 [ 21 265]
 [ 22 266]
 [ 23 267]
 [ 24 268]
 [ 25 269]
 [ 26 270]
 [ 27 271]
 [ 28 272]
 [ 29 273]
 [ 30 274]
 [ 31 275]
 [ 32 276]
 [ 33 277]
 [ 34 278]
 [ 35 279]
 [ 36 280]
 [ 37 281]
 [ 38 282]
 [ 39 283]
 [ 40 284]
 [ 41 285]
 [ 42 286]
 [ 43 287]
 [ 44 288]]",0.35,45,30951,/home/nfs/kkaminski/PLMBLST/ecod70db_20220902/30951.emb,0,244
8,49,0,3,65,"[[ 12 242]
 [ 13 243]
 [ 14 244]
 [ 15 245]
 [ 16 246]
 [ 17 247]
 [ 18 248]
 [ 19 249]
 [ 20 250]
 [ 21 251]
 [ 22 252]
 [ 23 253]
 [ 24 254]
 [ 25 255]
 [ 26 256]
 [ 27 257]
 [ 28 258]
 [ 29 259]
 [ 30 260]
 [ 31 261]
 [ 32 262]
 [ 33 263]
 [ 34 264]
 [ 35 265]
 [ 36 266]
 [ 37 267]
 [ 38 268]
 [ 39 269]
 [ 40 270]
 [ 41 271]
 [ 42 272]
 [ 43 273]
 [ 44 274]
 [ 45 275]
 [ 46 276]
 [ 47 277]
 [ 48 278]
 [ 49 279]
 [ 50 280]
 [ 51 281]
 [ 52 282]
 [ 53 283]
 [ 54 284]
 [ 55 285]
 [ 56 286]
 [ 57 287]
 [ 58 288]
 [ 59 289]
 [ 60 290]
 [ 61 291]
 [ 62 292]
 [ 63 293]
 [ 64 294]
 [ 65 295]
 [ 66 296]
 [ 67 297]
 [ 68 298]
 [ 69 299]
 [ 70 300]
 [ 71 301]
 [ 72 302]
 [ 73 303]]",0.34,62,30951,/home/nfs/kkaminski/PLMBLST/ecod70db_20220902/30951.emb,12,242
21,78,1,26,51,"[[ 76 264]
 [ 77 265]
 [ 78 266]
 [ 79 267]
 [ 80 268]
 [ 81 269]
 [ 82 270]
 [ 83 271]
 [ 84 272]
 [ 85 273]
 [ 86 274]
 [ 87 275]
 [ 88 276]
 [ 89 277]
 [ 90 278]
 [ 91 279]
 [ 92 280]
 [ 93 281]
 [ 94 282]
 [ 95 283]
 [ 96 284]
 [ 97 285]
 [ 98 286]
 [ 99 287]
 [100 288]]",0.33,25,30951,/home/nfs/kkaminski/PLMBLST/ecod70db_20220902/30951.emb,76,264
11,54,0,2,56,"[[ 19 242]
 [ 20 243]
 [ 21 244]
 [ 22 245]
 [ 23 246]
 [ 24 247]
 [ 25 248]
 [ 26 249]
 [ 27 250]
 [ 28 251]
 [ 29 252]
 [ 30 253]
 [ 31 254]
 [ 32 255]
 [ 33 256]
 [ 34 257]
 [ 35 258]
 [ 36 259]
 [ 37 260]
 [ 38 261]
 [ 39 262]
 [ 40 263]
 [ 41 264]
 [ 42 265]
 [ 43 266]
 [ 44 267]
 [ 45 268]
 [ 46 269]
 [ 47 270]
 [ 48 271]
 [ 49 272]
 [ 50 273]
 [ 51 274]
 [ 52 275]
 [ 53 276]
 [ 54 277]
 [ 55 278]
 [ 56 279]
 [ 57 280]
 [ 58 281]
 [ 59 282]
 [ 60 283]
 [ 61 284]
 [ 62 285]
 [ 63 286]
 [ 64 287]
 [ 65 288]
 [ 66 289]
 [ 67 290]
 [ 68 291]
 [ 69 292]
 [ 70 293]
 [ 71 294]
 [ 72 295]]",0.33,54,30951,/home/nfs/kkaminski/PLMBLST/ecod70db_20220902/30951.emb,19,242
62,132,0,121,152,"[[117 245]
 [118 246]
 [119 247]
 [120 248]
 [121 249]
 [122 250]
 [123 251]
 [124 252]
 [125 253]
 [126 254]
 [127 255]
 [128 256]
 [129 257]
 [130 258]
 [131 259]
 [132 260]
 [133 261]
 [134 262]
 [135 263]
 [136 264]
 [137 265]
 [138 266]
 [139 267]
 [140 268]
 [141 269]
 [142 270]
 [143 271]
 [144 272]
 [145 273]
 [146 274]
 [147 275]]",0.33,31,30951,/home/nfs/kkaminski/PLMBLST/ecod70db_20220902/30951.emb,117,245
0,28,0,0,24,"[[  0 265]
 [  1 266]
 [  2 267]
 [  3 268]
 [  4 269]
 [  5 270]
 [  6 271]
 [  7 272]
 [  8 273]
 [  9 274]
 [ 10 275]
 [ 11 276]
 [ 12 277]
 [ 13 278]
 [ 14 279]
 [ 15 280]
 [ 16 281]
 [ 17 282]
 [ 18 283]
 [ 19 284]
 [ 20 285]
 [ 21 286]
 [ 22 287]
 [ 23 288]]",0.33,24,30951,/home/nfs/kkaminski/PLMBLST/ecod70db_20220902/30951.emb,0,265
4,37,0,0,38,"[[  0 251]
 [  1 252]
 [  2 253]
 [  3 254]
 [  4 255]
 [  5 256]
 [  6 257]
 [  7 258]
 [  8 259]
 [  9 260]
 [ 10 261]
 [ 11 262]
 [ 12 263]
 [ 13 264]
 [ 14 265]
 [ 15 266]
 [ 16 267]
 [ 17 268]
 [ 18 269]
 [ 19 270]
 [ 20 271]
 [ 21 272]
 [ 22 273]
 [ 23 274]
 [ 24 275]
 [ 25 276]
 [ 26 277]
 [ 27 278]
 [ 28 279]
 [ 29 280]
 [ 30 281]
 [ 31 282]
 [ 32 283]
 [ 33 284]
 [ 34 285]
 [ 35 286]
 [ 36 287]
 [ 37 288]]",0.32,38,30951,/home/nfs/kkaminski/PLMBLST/ecod70db_20220902/30951.emb,0,251
2,32,0,0,38,"[[  0 258]
 [  1 259]
 [  2 260]
 [  3 261]
 [  4 262]
 [  5 263]
 [  6 264]
 [  7 265]
 [  8 266]
 [  9 267]
 [ 10 268]
 [ 11 269]
 [ 12 270]
 [ 13 271]
 [ 14 272]
 [ 15 273]
 [ 16 274]
 [ 17 275]
 [ 18 276]
 [ 19 277]
 [ 20 278]
 [ 21 279]
 [ 22 280]
 [ 23 281]
 [ 24 282]
 [ 25 283]
 [ 26 284]
 [ 27 285]
 [ 28 286]
 [ 29 287]
 [ 30 288]
 [ 31 289]
 [ 32 290]
 [ 33 291]
 [ 34 292]
 [ 35 293]
 [ 36 294]
 [ 37 295]]",0.32,38,30951,/home/nfs/kkaminski/PLMBLST/ecod70db_20220902/30951.emb,0,258
50,117,0,47,77,"[[117 266]
 [118 267]
 [119 268]
 [120 269]
 [121 270]
 [122 271]
 [123 272]
 [124 273]
 [125 274]
 [126 275]
 [127 276]
 [128 277]
 [129 278]
 [130 279]
 [131 280]
 [132 281]
 [133 282]
 [134 283]
 [135 284]
 [136 285]
 [137 286]
 [138 287]
 [139 288]
 [140 289]
 [141 290]
 [142 291]
 [143 292]
 [144 293]
 [145 294]
 [146 295]]",0.32,30,30951,/home/nfs/kkaminski/PLMBLST/ecod70db_20220902/30951.emb,117,266
18,73,0,4,58,"[[ 47 242]
 [ 48 243]
 [ 49 244]
 [ 50 245]
 [ 51 246]
 [ 52 247]
 [ 53 248]
 [ 54 249]
 [ 55 250]
 [ 56 251]
 [ 57 252]
 [ 58 253]
 [ 59 254]
 [ 60 255]
 [ 61 256]
 [ 62 257]
 [ 63 258]
 [ 64 259]
 [ 65 260]
 [ 66 261]
 [ 67 262]
 [ 68 263]
 [ 69 264]
 [ 70 265]
 [ 71 266]
 [ 72 267]
 [ 73 268]
 [ 74 269]
 [ 75 270]
 [ 76 271]
 [ 77 272]
 [ 78 273]
 [ 79 274]
 [ 80 275]
 [ 81 276]
 [ 82 277]
 [ 83 278]
 [ 84 279]
 [ 85 280]
 [ 86 281]
 [ 87 282]
 [ 88 283]
 [ 89 284]
 [ 90 285]
 [ 91 286]
 [ 92 287]
 [ 93 288]
 [ 94 289]
 [ 95 290]
 [ 96 291]
 [ 97 292]
 [ 98 293]
 [ 99 294]
 [100 295]]",0.32,54,30951,/home/nfs/kkaminski/PLMBLST/ecod70db_20220902/30951.emb,47,242
15,63,0,16,45,"[[ 35 244]
 [ 36 245]
 [ 37 246]
 [ 38 247]
 [ 39 248]
 [ 40 249]
 [ 41 250]
 [ 42 251]
 [ 43 252]
 [ 44 253]
 [ 45 254]
 [ 46 255]
 [ 47 256]
 [ 48 257]
 [ 49 258]
 [ 50 259]
 [ 51 260]
 [ 52 261]
 [ 53 262]
 [ 54 263]
 [ 55 264]
 [ 56 265]
 [ 57 266]
 [ 58 267]
 [ 59 268]
 [ 60 269]
 [ 61 270]
 [ 62 271]
 [ 63 272]]",0.31,29,30951,/home/nfs/kkaminski/PLMBLST/ecod70db_20220902/30951.emb,35,244
57,124,0,26,56,"[[117 259]
 [118 260]
 [119 261]
 [120 262]
 [121 263]
 [122 264]
 [123 265]
 [124 266]
 [125 267]
 [126 268]
 [127 269]
 [128 270]
 [129 271]
 [130 272]
 [131 273]
 [132 274]
 [133 275]
 [134 276]
 [135 277]
 [136 278]
 [137 279]
 [138 280]
 [139 281]
 [140 282]
 [141 283]
 [142 284]
 [143 285]
 [144 286]
 [145 287]
 [146 288]]",0.31,30,30951,/home/nfs/kkaminski/PLMBLST/ecod70db_20220902/30951.emb,117,259
42,109,0,73,94,"[[119 275]
 [120 276]
 [121 277]
 [122 278]
 [123 279]
 [124 280]
 [125 281]
 [126 282]
 [127 283]
 [128 284]
 [129 285]
 [130 286]
 [131 287]
 [132 288]
 [133 289]
 [134 290]
 [135 291]
 [136 292]
 [137 293]
 [138 294]
 [139 295]]",0.31,21,30951,/home/nfs/kkaminski/PLMBLST/ecod70db_20220902/30951.emb,119,275
47,114,0,94,124,"[[ 91 244]
 [ 92 245]
 [ 93 246]
 [ 94 247]
 [ 95 248]
 [ 96 249]
 [ 97 250]
 [ 98 251]
 [ 99 252]
 [100 253]
 [101 254]
 [102 255]
 [103 256]
 [104 257]
 [105 258]
 [106 259]
 [107 260]
 [108 261]
 [109 262]
 [110 263]
 [111 264]
 [112 265]
 [113 266]
 [114 267]
 [115 268]
 [116 269]
 [117 270]
 [118 271]
 [119 272]
 [120 273]]",0.31,30,30951,/home/nfs/kkaminski/PLMBLST/ecod70db_20220902/30951.emb,91,244
6,44,0,2,71,"[[  4 242]
 [  5 242]
 [  6 243]
 [  7 244]
 [  8 245]
 [  9 246]
 [ 10 247]
 [ 11 248]
 [ 12 249]
 [ 13 250]
 [ 14 251]
 [ 15 252]
 [ 16 253]
 [ 17 254]
 [ 18 255]
 [ 19 256]
 [ 20 257]
 [ 21 258]
 [ 22 259]
 [ 23 260]
 [ 24 261]
 [ 25 262]
 [ 26 263]
 [ 27 264]
 [ 28 265]
 [ 29 266]
 [ 30 267]
 [ 31 268]
 [ 32 269]
 [ 33 270]
 [ 34 271]
 [ 35 272]
 [ 36 273]
 [ 37 274]
 [ 38 275]
 [ 39 276]
 [ 40 277]
 [ 41 278]
 [ 42 279]
 [ 43 280]
 [ 44 281]
 [ 45 282]
 [ 46 283]
 [ 47 284]
 [ 48 285]
 [ 49 286]
 [ 50 287]
 [ 51 288]
 [ 52 289]
 [ 53 290]
 [ 54 291]
 [ 55 292]
 [ 56 293]
 [ 57 294]
 [ 58 295]
 [ 59 296]
 [ 60 297]
 [ 61 298]
 [ 62 299]
 [ 63 300]
 [ 64 301]
 [ 65 302]
 [ 66 303]
 [ 67 304]
 [ 68 305]
 [ 69 306]
 [ 70 307]
 [ 71 308]
 [ 72 309]]",0.3,69,30951,/home/nfs/kkaminski/PLMBLST/ecod70db_20220902/30951.emb,4,242
12,57,0,11,60,"[[ 24 240]
 [ 25 241]
 [ 26 242]
 [ 27 243]
 [ 28 244]
 [ 29 245]
 [ 30 246]
 [ 31 247]
 [ 32 248]
 [ 33 249]
 [ 34 250]
 [ 35 251]
 [ 36 252]
 [ 37 253]
 [ 38 254]
 [ 39 255]
 [ 40 256]
 [ 41 257]
 [ 42 258]
 [ 43 259]
 [ 44 260]
 [ 45 261]
 [ 46 262]
 [ 47 263]
 [ 48 264]
 [ 49 265]
 [ 50 266]
 [ 51 267]
 [ 52 268]
 [ 53 269]
 [ 54 270]
 [ 55 271]
 [ 56 272]
 [ 57 273]
 [ 58 274]
 [ 59 275]
 [ 60 276]
 [ 61 277]
 [ 62 278]
 [ 63 279]
 [ 64 280]
 [ 65 281]
 [ 66 282]
 [ 67 283]
 [ 68 284]
 [ 69 285]
 [ 70 286]
 [ 71 287]
 [ 72 288]]",0.3,49,30951,/home/nfs/kkaminski/PLMBLST/ecod70db_20220902/30951.emb,24,240
40,107,0,34,93,"[[ 83 243]
 [ 84 244]
 [ 85 245]
 [ 86 246]
 [ 87 247]
 [ 88 248]
 [ 89 249]
 [ 90 250]
 [ 91 251]
 [ 92 252]
 [ 93 253]
 [ 94 254]
 [ 95 255]
 [ 96 256]
 [ 97 257]
 [ 98 258]
 [ 99 259]
 [100 260]
 [101 261]
 [102 262]
 [103 263]
 [104 264]
 [105 265]
 [106 266]
 [107 267]
 [108 268]
 [109 269]
 [110 270]
 [111 271]
 [112 272]
 [113 273]
 [114 274]
 [115 275]
 [116 276]
 [117 277]
 [118 278]
 [119 279]
 [120 280]
 [121 281]
 [122 282]
 [123 283]
 [124 284]
 [125 285]
 [126 286]
 [127 287]
 [128 288]
 [129 289]
 [130 290]
 [131 291]
 [132 292]
 [133 293]
 [134 294]
 [135 295]
 [136 296]
 [137 297]
 [138 298]
 [139 299]
 [140 300]
 [141 301]]",0.3,59,30951,/home/nfs/kkaminski/PLMBLST/ecod70db_20220902/30951.emb,83,243
32,99,0,32,91,"[[ 83 250]
 [ 84 251]
 [ 85 252]
 [ 86 253]
 [ 87 254]
 [ 88 255]
 [ 89 256]
 [ 90 257]
 [ 91 258]
 [ 92 259]
 [ 93 260]
 [ 94 261]
 [ 95 262]
 [ 96 263]
 [ 97 264]
 [ 98 265]
 [ 99 266]
 [100 267]
 [101 268]
 [102 269]
 [103 270]
 [104 271]
 [105 272]
 [106 273]
 [107 274]
 [108 275]
 [109 276]
 [110 277]
 [111 278]
 [112 279]
 [113 280]
 [114 281]
 [115 282]
 [116 283]
 [117 284]
 [118 285]
 [119 286]
 [120 287]
 [121 288]
 [122 289]
 [123 290]
 [124 291]
 [125 292]
 [126 293]
 [127 294]
 [128 295]
 [129 296]
 [130 297]
 [131 298]
 [132 299]
 [133 300]
 [134 301]
 [135 302]
 [136 303]
 [137 304]
 [138 305]
 [139 306]
 [140 307]
 [141 308]]",0.3,59,30951,/home/nfs/kkaminski/PLMBLST/ecod70db_20220902/30951.emb,83,250
16,67,0,23,72,"[[ 38 240]
 [ 39 241]
 [ 40 242]
 [ 41 243]
 [ 42 244]
 [ 43 245]
 [ 44 246]
 [ 45 247]
 [ 46 248]
 [ 47 249]
 [ 48 250]
 [ 49 251]
 [ 50 252]
 [ 51 253]
 [ 52 254]
 [ 53 255]
 [ 54 256]
 [ 55 257]
 [ 56 258]
 [ 57 259]
 [ 58 260]
 [ 59 261]
 [ 60 262]
 [ 61 263]
 [ 62 264]
 [ 63 265]
 [ 64 266]
 [ 65 267]
 [ 66 268]
 [ 67 269]
 [ 68 270]
 [ 69 271]
 [ 70 272]
 [ 71 273]
 [ 72 274]
 [ 73 275]
 [ 74 276]
 [ 75 277]
 [ 76 278]
 [ 77 279]
 [ 78 280]
 [ 79 281]
 [ 80 282]
 [ 81 283]
 [ 82 284]
 [ 83 285]
 [ 84 286]
 [ 85 287]
 [ 86 288]]",0.29,49,30951,/home/nfs/kkaminski/PLMBLST/ecod70db_20220902/30951.emb,38,240
59,126,0,17,37,"[[101 240]
 [102 241]
 [103 242]
 [104 243]
 [105 244]
 [106 245]
 [107 246]
 [108 247]
 [109 248]
 [110 249]
 [111 250]
 [112 251]
 [113 252]
 [114 253]
 [115 254]
 [116 255]
 [117 256]
 [118 257]
 [119 258]
 [120 259]]",0.29,20,30951,/home/nfs/kkaminski/PLMBLST/ecod70db_20220902/30951.emb,101,240
38,105,0,96,124,"[[119 282]
 [120 283]
 [121 284]
 [122 285]
 [123 286]
 [124 287]
 [125 288]
 [126 289]
 [127 290]
 [128 291]
 [129 292]
 [130 293]
 [131 294]
 [132 295]
 [133 296]
 [134 297]
 [135 298]
 [136 299]
 [137 300]
 [138 301]
 [139 302]
 [140 303]
 [141 304]
 [142 305]
 [143 306]
 [144 307]
 [145 308]
 [146 309]]",0.28,28,30951,/home/nfs/kkaminski/PLMBLST/ecod70db_20220902/30951.emb,119,282
31,94,0,26,86,"[[ 67 241]
 [ 68 242]
 [ 69 243]
 [ 70 244]
 [ 71 245]
 [ 72 246]
 [ 73 247]
 [ 74 248]
 [ 75 249]
 [ 76 250]
 [ 77 251]
 [ 78 252]
 [ 79 253]
 [ 80 254]
 [ 81 255]
 [ 82 256]
 [ 83 257]
 [ 84 258]
 [ 85 259]
 [ 86 260]
 [ 87 261]
 [ 88 262]
 [ 89 263]
 [ 90 264]
 [ 91 265]
 [ 92 266]
 [ 93 267]
 [ 94 268]
 [ 95 269]
 [ 96 270]
 [ 97 271]
 [ 98 272]
 [ 99 273]
 [100 274]
 [101 275]
 [102 276]
 [103 277]
 [104 278]
 [105 279]
 [106 280]
 [107 281]
 [108 282]
 [109 283]
 [110 284]
 [111 285]
 [112 286]
 [113 287]
 [114 288]
 [115 289]
 [116 290]
 [117 291]
 [118 292]
 [119 293]
 [120 294]
 [121 295]
 [122 296]
 [123 297]
 [124 298]
 [125 299]
 [126 300]]",0.28,60,30951,/home/nfs/kkaminski/PLMBLST/ecod70db_20220902/30951.emb,67,241
53,120,0,28,51,"[[ 98 244]
 [ 99 245]
 [100 246]
 [101 247]
 [102 248]
 [103 249]
 [104 250]
 [105 251]
 [106 252]
 [107 253]
 [108 254]
 [109 255]
 [110 256]
 [111 257]
 [112 258]
 [113 259]
 [114 260]
 [115 261]
 [116 262]
 [117 263]
 [118 264]
 [119 265]
 [120 266]]",0.27,23,30951,/home/nfs/kkaminski/PLMBLST/ecod70db_20220902/30951.emb,98,244
28,87,0,10,59,"[[ 59 240]
 [ 60 241]
 [ 61 242]
 [ 62 243]
 [ 63 244]
 [ 64 245]
 [ 65 246]
 [ 66 247]
 [ 67 248]
 [ 68 249]
 [ 69 250]
 [ 70 251]
 [ 71 252]
 [ 72 253]
 [ 73 254]
 [ 74 255]
 [ 75 256]
 [ 76 257]
 [ 77 258]
 [ 78 259]
 [ 79 260]
 [ 80 261]
 [ 81 262]
 [ 82 263]
 [ 83 264]
 [ 84 265]
 [ 85 266]
 [ 86 267]
 [ 87 268]
 [ 88 269]
 [ 89 270]
 [ 90 271]
 [ 91 272]
 [ 92 273]
 [ 93 274]
 [ 94 275]
 [ 95 276]
 [ 96 277]
 [ 97 278]
 [ 98 279]
 [ 99 280]
 [100 281]
 [101 282]
 [102 283]
 [103 284]
 [104 285]
 [105 286]
 [106 287]
 [107 288]]",0.27,49,30951,/home/nfs/kkaminski/PLMBLST/ecod70db_20220902/30951.emb,59,240
63,136,0,124,152,"[[120 241]
 [121 242]
 [122 243]
 [123 244]
 [124 245]
 [125 246]
 [126 247]
 [127 248]
 [128 249]
 [129 250]
 [130 251]
 [131 252]
 [132 253]
 [133 254]
 [134 255]
 [135 256]
 [136 257]
 [137 258]
 [138 259]
 [139 260]
 [140 261]
 [141 262]
 [142 263]
 [143 264]
 [144 265]
 [145 266]
 [146 267]
 [147 268]]",0.25,28,30951,/home/nfs/kkaminski/PLMBLST/ecod70db_20220902/30951.emb,120,241
24,80,0,3,24,"[[ 53 241]
 [ 54 242]
 [ 55 243]
 [ 56 244]
 [ 57 245]
 [ 58 246]
 [ 59 247]
 [ 60 248]
 [ 61 249]
 [ 62 250]
 [ 63 251]
 [ 64 252]
 [ 65 253]
 [ 66 254]
 [ 67 255]
 [ 68 256]
 [ 69 257]
 [ 70 258]
 [ 71 259]
 [ 72 260]
 [ 73 261]]",0.24,21,30951,/home/nfs/kkaminski/PLMBLST/ecod70db_20220902/30951.emb,53,241
